,station_ID,Date,Time,Day,Month,Year,TC,TdC,Hr,ddd,ffkmh,Precmm,Prechrs,Nt,Nh,HKm,Viskm
2,63680,31/12/2022 15:00,15:00:00,31,12,2022,25,17.5,63,CAL,0,0.0/3h,3h,6,4,0.6,8
3,63680,31/12/2022 12:00,12:00:00,31,12,2022,26,17.6,60,ENE,7.4,0.0/6h,6h,4,4,0.6,7
4,63680,31/12/2022 09:00,09:00:00,31,12,2022,22.5,18.2,77,CAL,0,0.0/3h,3h,7,5,0.3,6
5,63680,31/12/2022 06:00,06:00:00,31,12,2022,20.5,18.3,87,CAL,0,0.0/24h,24h,6,3,0.3,6
6,63680,30/12/2022 12:00,12:00:00,30,12,2022,26.4,17.4,58,SSE,7.4,0.0/6h,6h,4,5,0.6,10
7,63680,30/12/2022 09:00,09:00:00,30,12,2022,25.5,16.5,57,ENE,3.7,0.0/3h,3h,4,4,0.6,9
8,63680,30/12/2022 06:00,06:00:00,30,12,2022,22.4,17.9,76,CAL,0,0.0/24h,24h,5,2,0.3,6
9,63680,29/12/2022 15:00,15:00:00,29,12,2022,24.4,17.3,65,S,7.4,0.0/3h,3h,7,4,0.6,10
10,63680,29/12/2022 09:00,09:00:00,29,12,2022,24,17.3,66,WNW,11.1,0.0/3h,3h,6,4,0.6,8
11,63680,27/12/2022 15:00,15:00:00,27,12,2022,23.6,18.2,72,CAL,0,0.0/3h,3h,6,4,0.6,10
12,63680,27/12/2022 12:00,12:00:00,27,12,2022,23.4,17.6,70,W,7.4,0.0/6h,6h,7,4,0.3,9
13,63680,27/12/2022 09:00,09:00:00,27,12,2022,21.2,17.9,81,NW,7.4,Tr/3h,3h,7,5,0.3,8
14,63680,27/12/2022 06:00,06:00:00,27,12,2022,18.5,17.8,96,CAL,0,20.0/24h,24h,8,6,0.3,7
15,63680,26/12/2022 15:00,15:00:00,26,12,2022,24.2,18.2,69,W,3.7,0.0/3h,3h,6,4,0.6,10
16,63680,26/12/2022 12:00,12:00:00,26,12,2022,24.5,18.5,69,NW,3.7,0.0/6h,6h,6,6,0.6,9
17,63680,26/12/2022 09:00,09:00:00,26,12,2022,21.2,17.9,81,NW,7.4,Tr/3h,3h,7,5,0.3,8
18,63680,26/12/2022 06:00,06:00:00,26,12,2022,19.5,17.6,89,CAL,0,0.0/24h,24h,7,4,0.3,6
19,63680,25/12/2022 15:00,15:00:00,25,12,2022,25,18.1,66,S,7.4,0.0/3h,3h,6,4,0.6,10
20,63680,25/12/2022 12:00,12:00:00,25,12,2022,24.4,17.8,67,SSE,7.4,0.0/6h,6h,7,5,0.6,8
21,63680,25/12/2022 09:00,09:00:00,25,12,2022,20.6,18.2,86,CAL,0,0.0/3h,3h,7,5,0.3,7
22,63680,25/12/2022 06:00,06:00:00,25,12,2022,19.6,17.8,89,CAL,0,3.0/24h,24h,7,4,0.3,6
23,63680,24/12/2022 15:00,15:00:00,24,12,2022,20.5,18.3,87,CAL,0,0.0/3h,3h,7,5,0.3,10
24,63680,23/12/2022 12:00,12:00:00,23,12,2022,23.6,18.2,72,NW,3.7,0.0/6h,6h,7,4,0.6,9
25,63680,23/12/2022 09:00,09:00:00,23,12,2022,20.5,18.6,89,CAL,0,2.0/3h,3h,7,5,0.3,7
26,63680,23/12/2022 06:00,06:00:00,23,12,2022,19,19,100,CAL,0,6.0/24h,24h,8,6,0.3,6
27,63680,22/12/2022 15:00,15:00:00,22,12,2022,23,18.2,74,CAL,0,0.0/3h,3h,7,4,0.3,10
28,63680,22/12/2022 12:00,12:00:00,22,12,2022,24,18,69,CAL,0,0.0/6h,6h,7,5,0.6,10
29,63680,22/12/2022 09:00,09:00:00,22,12,2022,24.5,17.8,66,WNW,11.1,0.0/3h,3h,6,6,0.6,9
30,63680,22/12/2022 06:00,06:00:00,22,12,2022,21.4,18.4,83,CAL,0,0.6/24h,24h,6,4,0.3,6
31,63680,21/12/2022 15:00,15:00:00,21,12,2022,24.4,17.2,64,S,7.4,0.0/3h,3h,4,4,0.6,10
32,63680,21/12/2022 09:00,09:00:00,21,12,2022,21,17.3,79,S,3.7,0.5/3h,3h,7,4,0.3,6
33,63680,21/12/2022 06:00,06:00:00,21,12,2022,18,17.7,98,CAL,0,12.0/24h,24h,8,6,0.3,5
34,63680,19/12/2022 12:00,12:00:00,19,12,2022,22,17.5,76,W,3.7,10.0/6h,6h,7,4,0.3,9
35,63680,19/12/2022 09:00,09:00:00,19,12,2022,18,17.7,98,CAL,0,0.0/3h,3h,8,6,0.3,7
36,63680,19/12/2022 06:00,06:00:00,19,12,2022,17,17,100,CAL,0,40.0/24h,24h,8,6,0.3,5
37,63680,18/12/2022 15:00,15:00:00,18,12,2022,24.5,18.3,68,CAL,0,0.0/3h,3h,6,4,0.6,10
38,63680,18/12/2022 12:00,12:00:00,18,12,2022,28,17.5,53,ENE,7.4,0.0/6h,6h,4,4,0.6,10
39,63680,18/12/2022 09:00,09:00:00,18,12,2022,26.2,17.5,59,NNE,7.4,0.0/3h,3h,4,4,0.6,8
40,63680,18/12/2022 06:00,06:00:00,18,12,2022,21,17.3,79,CAL,0,0.0/24h,24h,6,2,0.3,6
41,63680,17/12/2022 15:00,15:00:00,17,12,2022,24.2,17.9,68,CAL,0,0.0/3h,3h,6,4,0.6,10
42,63680,17/12/2022 12:00,12:00:00,17,12,2022,25.8,17.9,62,S,7.4,0.0/6h,6h,4,4,0.6,10
43,63680,17/12/2022 09:00,09:00:00,17,12,2022,23.5,18.3,73,NNW,7.4,0.0/3h,3h,5,5,0.6,9
44,63680,17/12/2022 06:00,06:00:00,17,12,2022,20.5,16.8,79,CAL,0,6.0/24h,24h,2,2,0.3,6
45,63680,16/12/2022 15:00,15:00:00,16,12,2022,25.2,18,64,NNW,7.4,0.0/3h,3h,4,4,0.6,10
46,63680,16/12/2022 12:00,12:00:00,16,12,2022,24,18,69,E,3.7,0.0/6h,6h,6,4,0.6,10
47,63680,16/12/2022 09:00,09:00:00,16,12,2022,18.6,18.3,98,CAL,0,4.0/3h,3h,8,6,0.3,9
48,63680,16/12/2022 06:00,06:00:00,16,12,2022,16,16,100,CAL,0,17.0/24h,24h,8,6,0.3,6
49,63680,15/12/2022 12:00,12:00:00,15,12,2022,26.6,17,56,NNE,7.4,0.0/6h,6h,4,4,0.6,10
50,63680,15/12/2022 09:00,09:00:00,15,12,2022,24.8,18.4,68,CAL,0,0.0/3h,3h,4,4,0.6,9
51,63680,15/12/2022 06:00,06:00:00,15,12,2022,19.5,17.9,90,CAL,0,0.2/24h,24h,6,4,0.3,6
52,63680,14/12/2022 15:00,15:00:00,14,12,2022,24.8,17.9,65,CAL,0,0.0/3h,3h,4,4,0.6,10
53,63680,14/12/2022 06:00,06:00:00,14,12,2022,18.6,18.3,98,WNW,7.4,12.0/24h,24h,8,6,0.3,5
54,63680,13/12/2022 15:00,15:00:00,13,12,2022,24.5,17.8,66,CAL,0,0.0/3h,3h,6,4,0.6,10
55,63680,13/12/2022 12:00,12:00:00,13,12,2022,22.5,18,76,WNW,7.4,0.0/6h,6h,6,4,0.3,10
56,63680,13/12/2022 09:00,09:00:00,13,12,2022,18.2,17.6,96,NNW,7.4,6.0/3h,3h,8,5,0.3,9
57,63680,13/12/2022 06:00,06:00:00,13,12,2022,17.5,17.5,100,W,7.4,14.0/24h,24h,8,6,0.3,6
58,63680,12/12/2022 12:00,12:00:00,12,12,2022,25.6,18.4,64,CAL,0,0.0/6h,6h,5,5,0.6,10
59,63680,12/12/2022 09:00,09:00:00,12,12,2022,25.5,18,63,NE,3.7,0.0/3h,3h,4,4,0.6,8
60,63680,12/12/2022 06:00,06:00:00,12,12,2022,21.5,18.4,83,NW,3.7,0.3/24h,24h,4,4,0.3,7
61,63680,11/12/2022 15:00,15:00:00,11,12,2022,25,17.8,64,SSE,3.7,0.0/3h,3h,6,4,0.6,10
62,63680,11/12/2022 12:00,12:00:00,11,12,2022,24,18.6,72,S,7.4,0.3/6h,6h,6,4,0.6,10
63,63680,11/12/2022 09:00,09:00:00,11,12,2022,22.5,18.8,80,SSE,7.4,0.0/3h,3h,7,5,0.3,8
64,63680,11/12/2022 06:00,06:00:00,11,12,2022,21,18.8,87,CAL,0,0.0/24h,24h,6,6,0.3,8
65,63680,10/12/2022 15:00,15:00:00,10,12,2022,25,17.2,62,SSE,7.4,0.0/3h,3h,4,4,0.6,10
66,63680,10/12/2022 12:00,12:00:00,10,12,2022,26,17,58,S,7.4,0.0/6h,6h,4,4,0.6,10
67,63680,10/12/2022 09:00,09:00:00,10,12,2022,24,17.7,68,E,7.4,0.0/3h,3h,6,4,0.6,10
68,63680,10/12/2022 06:00,06:00:00,10,12,2022,19,17.5,91,CAL,0,8.0/24h,24h,7,5,0.3,8
69,63680,09/12/2022 15:00,15:00:00,9,12,2022,24.8,18.2,67,CAL,0,0.0/3h,3h,4,4,0.6,10
70,63680,09/12/2022 12:00,12:00:00,9,12,2022,23.4,18.3,73,E,7.4,0.0/6h,6h,7,4,0.6,9
71,63680,09/12/2022 09:00,09:00:00,9,12,2022,22,17.5,76,CAL,0,0.0/3h,3h,7,5,0.3,8
72,63680,09/12/2022 06:00,06:00:00,9,12,2022,19.8,18,89,CAL,0,4.0/24h,24h,8,6,0.3,6
73,63680,08/12/2022 15:00,15:00:00,8,12,2022,25.2,17.7,63,CAL,0,0.0/3h,3h,6,2,0.6,10
74,63680,08/12/2022 12:00,12:00:00,8,12,2022,25,17.5,63,NW,3.7,0.0/6h,6h,6,4,0.6,9
75,63680,08/12/2022 09:00,09:00:00,8,12,2022,22,17.5,76,W,3.7,0.0/3h,3h,7,5,0.3,7
76,63680,08/12/2022 06:00,06:00:00,8,12,2022,21.2,17.6,80,CAL,0,0.0/24h,24h,4,4,0.3,6
77,63680,07/12/2022 12:00,12:00:00,7,12,2022,24.8,18.4,68,SSE,3.7,0.0/6h,6h,6,4,0.6,10
78,63680,07/12/2022 09:00,09:00:00,7,12,2022,21.2,18.2,83,CAL,0,0.0/3h,3h,7,5,0.3,7
79,63680,07/12/2022 06:00,06:00:00,7,12,2022,19.6,18.1,91,CAL,0,5.0/24h,24h,7,5,0.3,7
80,63680,06/12/2022 09:00,09:00:00,6,12,2022,25.5,17.6,62,WNW,7.4,0.0/3h,3h,5,5,0.6,10
81,63680,05/12/2022 12:00,12:00:00,5,12,2022,27.2,17.9,57,NW,3.7,0.0/6h,6h,4,4,0.6,10
82,63680,05/12/2022 06:00,06:00:00,5,12,2022,21,17.7,81,NW,7.4,16.0/24h,24h,2,2,0.3,7
83,63680,03/12/2022 15:00,15:00:00,3,12,2022,25.5,18,63,SSE,7.4,0.0/3h,3h,2,2,0.6,10
84,63680,03/12/2022 12:00,12:00:00,3,12,2022,27,18,58,S,7.4,0.0/6h,6h,4,4,0.6,10
85,63680,03/12/2022 06:00,06:00:00,3,12,2022,23.2,18.4,74,S,7.4,0.0/24h,24h,2,2,0.6,6
86,63680,02/12/2022 15:00,15:00:00,2,12,2022,25.4,17,60,S,7.4,0.0/3h,3h,4,4,0.6,10
87,63680,02/12/2022 12:00,12:00:00,2,12,2022,26.5,16.8,55,SSE,7.4,0.0/6h,6h,4,4,0.6,10
88,63680,02/12/2022 06:00,06:00:00,2,12,2022,22,17.5,76,CAL,0,0.3/24h,24h,2,2,0.3,6
89,63680,01/12/2022 15:00,15:00:00,1,12,2022,21,18,83,S,7.4,0.0/3h,3h,8,5,0.3,9
90,63680,01/12/2022 12:00,12:00:00,1,12,2022,24.4,18.4,69,CAL,0,0.0/6h,6h,7,5,0.6,9
91,63680,01/12/2022 09:00,09:00:00,1,12,2022,26.4,17.5,58,CAL,0,0.0/3h,3h,4,4,0.6,9
92,63680,01/12/2022 06:00,06:00:00,1,12,2022,21,18,83,NNW,7.4,0.0/24h,24h,4,2,0.3,6
210,63680,30/11/2022 15:00,15:00:00,30,11,2022,24,18,69,S,7.4,0.0/3h,3h,7,5,0.6,10
310,63680,30/11/2022 12:00,12:00:00,30,11,2022,25.6,17.8,62,SSE,14.8,0.0/6h,6h,5,5,0.6,10
410,63680,30/11/2022 09:00,09:00:00,30,11,2022,26,17.8,61,SSE,7.4,0.0/3h,3h,4,4,0.6,9
510,63680,30/11/2022 06:00,06:00:00,30,11,2022,20.5,18.3,87,CAL,0,0.2/24h,24h,7,4,0.3,6
610,63680,29/11/2022 15:00,15:00:00,29,11,2022,24,18,69,SSE,3.7,0.0/3h,3h,6,4,0.6,10
710,63680,29/11/2022 09:00,09:00:00,29,11,2022,24.4,17.8,67,CAL,0,0.0/3h,3h,6,6,0.6,7
810,63680,29/11/2022 06:00,06:00:00,29,11,2022,20,18.2,89,CAL,0,Tr/24h,24h,7,4,0.3,6
93,63680,28/11/2022 15:00,15:00:00,28,11,2022,24,17.7,68,CAL,0,0.0/3h,3h,6,5,0.6,10
101,63680,28/11/2022 12:00,12:00:00,28,11,2022,24.6,17.7,65,E,3.7,0.0/6h,6h,6,4,0.6,10
111,63680,28/11/2022 09:00,09:00:00,28,11,2022,22,18.1,79,CAL,0,0.0/3h,3h,7,5,0.3,8
121,63680,28/11/2022 06:00,06:00:00,28,11,2022,18.5,17.8,96,CAL,0,18.0/24h,24h,8,5,0.3,6
131,63680,26/11/2022 15:00,15:00:00,26,11,2022,25,17.2,62,S,3.7,0.0/3h,3h,6,2,0.6,10
141,63680,26/11/2022 12:00,12:00:00,26,11,2022,25.6,17.2,60,SSE,3.7,0.0/6h,6h,4,4,0.6,10
151,63680,26/11/2022 09:00,09:00:00,26,11,2022,24,17.7,68,S,3.7,0.0/3h,3h,4,4,0.6,9
161,63680,26/11/2022 06:00,06:00:00,26,11,2022,19,18.3,96,CAL,0,9.0/24h,24h,7,5,0.3,7
171,63680,25/11/2022 12:00,12:00:00,25,11,2022,26,17,58,S,11.1,0.0/6h,6h,4,4,0.6,10
181,63680,25/11/2022 09:00,09:00:00,25,11,2022,25.4,17.6,62,S,7.4,0.0/3h,3h,5,5,0.6,9
191,63680,25/11/2022 06:00,06:00:00,25,11,2022,21.4,18.4,83,CAL,0,0.2/24h,24h,4,2,0.3,6
201,63680,24/11/2022 12:00,12:00:00,24,11,2022,24,17.3,66,SE,7.4,0.2/6h,6h,7,4,0.6,10
211,63680,24/11/2022 09:00,09:00:00,24,11,2022,22,17.5,76,SSE,7.4,0.0/3h,3h,7,5,0.3,10
221,63680,24/11/2022 06:00,06:00:00,24,11,2022,20.6,18.2,86,CAL,0,0.0/24h,24h,7,4,0.3,7
231,63680,23/11/2022 12:00,12:00:00,23,11,2022,21.5,17.8,79,NNW,7.4,0.0/6h,6h,7,5,0.3,10
241,63680,23/11/2022 06:00,06:00:00,23,11,2022,21.2,17.9,81,CAL,0,4.0/24h,24h,4,2,0.3,8
251,63680,22/11/2022 15:00,15:00:00,22,11,2022,22.5,18,76,CAL,0,0.0/3h,3h,6,4,0.3,10
261,63680,22/11/2022 12:00,12:00:00,22,11,2022,21.5,17.8,79,S,7.4,4.0/6h,6h,7,4,0.3,10
271,63680,22/11/2022 09:00,09:00:00,22,11,2022,18.4,18.4,100,CAL,0,0.0/3h,3h,8,6,0.3,8
281,63680,22/11/2022 06:00,06:00:00,22,11,2022,18.5,17.8,96,CAL,0,11.0/24h,24h,8,6,0.3,6
291,63680,21/11/2022 15:00,15:00:00,21,11,2022,24.6,18,67,SSE,7.4,0.0/3h,3h,6,4,0.6,10
301,63680,21/11/2022 12:00,12:00:00,21,11,2022,23.2,18.4,74,CAL,0,0.0/6h,6h,7,5,0.3,8
311,63680,20/11/2022 15:00,15:00:00,20,11,2022,22,18.3,80,CAL,0,0.0/3h,3h,7,4,0.3,10
321,63680,20/11/2022 12:00,12:00:00,20,11,2022,20.2,18.7,91,WNW,3.7,25.0/6h,6h,7,5,0.3,9
331,63680,20/11/2022 09:00,09:00:00,20,11,2022,19.4,18.2,93,CAL,0,0.0/3h,3h,8,6,0.3,8
341,63680,20/11/2022 06:00,06:00:00,20,11,2022,21,18,83,CAL,0,0.2/24h,24h,7,4,0.3,7
351,63680,19/11/2022 06:00,06:00:00,19,11,2022,19,17.5,91,CAL,0,22.0/24h,24h,7,5,0.3,8
361,63680,17/11/2022 15:00,15:00:00,17,11,2022,18.8,18.5,98,CAL,0,0.0/3h,3h,8,6,0.3,9
371,63680,17/11/2022 12:00,12:00:00,17,11,2022,23,17.8,73,SSE,14.8,0.0/6h,6h,6,6,0.3,10
381,63680,17/11/2022 06:00,06:00:00,17,11,2022,20.2,18.4,89,CAL,0,14.0/24h,24h,7,5,0.3,8
391,63680,16/11/2022 15:00,15:00:00,16,11,2022,22.4,18.2,77,CAL,0,0.0/3h,3h,6,4,0.3,10
401,63680,16/11/2022 12:00,12:00:00,16,11,2022,22,18.7,82,CAL,0,14.0/6h,6h,7,5,0.3,9
411,63680,16/11/2022 09:00,09:00:00,16,11,2022,23.5,18.3,73,NNW,7.4,0.0/3h,3h,7,4,0.6,10
421,63680,16/11/2022 06:00,06:00:00,16,11,2022,19,17.8,93,CAL,0,11.0/24h,24h,8,5,0.3,7
431,63680,15/11/2022 15:00,15:00:00,15,11,2022,24,18.6,72,SSE,3.7,0.0/3h,3h,7,5,0.6,10
441,63680,15/11/2022 12:00,12:00:00,15,11,2022,25.4,18.5,66,S,3.7,0.0/6h,6h,6,6,0.6,10
451,63680,15/11/2022 09:00,09:00:00,15,11,2022,25,18.3,66,CAL,0,0.0/3h,3h,6,6,0.6,10
461,63680,15/11/2022 06:00,06:00:00,15,11,2022,21.6,18,80,CAL,0,1.0/24h,24h,2,2,0.3,8
471,63680,14/11/2022 12:00,12:00:00,14,11,2022,21.5,17.8,79,WNW,7.4,1.0/6h,6h,7,5,0.3,9
481,63680,14/11/2022 09:00,09:00:00,14,11,2022,25.5,17.3,60,CAL,0,0.0/3h,3h,5,5,0.6,10
491,63680,14/11/2022 06:00,06:00:00,14,11,2022,20.8,18.4,86,W,3.7,4.0/24h,24h,7,4,0.3,8
501,63680,13/11/2022 15:00,15:00:00,13,11,2022,23.4,18.3,73,CAL,0,0.0/3h,3h,6,4,0.6,10
511,63680,13/11/2022 12:00,12:00:00,13,11,2022,24.2,17.2,65,ENE,3.7,0.0/6h,6h,6,4,0.6,10
521,63680,13/11/2022 09:00,09:00:00,13,11,2022,19.5,18,91,CAL,0,4.0/3h,3h,8,5,0.3,8
531,63680,13/11/2022 06:00,06:00:00,13,11,2022,17.2,17.2,100,CAL,0,17.0/24h,24h,8,6,0.3,6
541,63680,12/11/2022 15:00,15:00:00,12,11,2022,24.4,17.8,67,CAL,0,0.0/3h,3h,6,4,0.6,10
551,63680,12/11/2022 12:00,12:00:00,12,11,2022,23.2,17.8,72,E,7.4,0.0/6h,6h,7,4,0.3,10
561,63680,12/11/2022 09:00,09:00:00,12,11,2022,19.5,18,91,CAL,0,0.0/3h,3h,8,6,0.3,8
571,63680,12/11/2022 06:00,06:00:00,12,11,2022,18.4,17.8,96,CAL,0,1.0/24h,24h,8,6,0.3,6
581,63680,11/11/2022 12:00,12:00:00,11,11,2022,26,17,58,E,7.4,0.0/6h,6h,4,4,0.6,10
591,63680,11/11/2022 09:00,09:00:00,11,11,2022,23.5,17.1,67,NNW,7.4,0.0/3h,3h,7,4,0.6,10
601,63680,11/11/2022 06:00,06:00:00,11,11,2022,19.5,17.6,89,CAL,0,0.3/24h,24h,8,6,0.3,8
611,63680,10/11/2022 15:00,15:00:00,10,11,2022,24.4,17.2,64,CAL,0,0.0/3h,3h,6,4,0.6,10
621,63680,10/11/2022 12:00,12:00:00,10,11,2022,24.2,17.2,65,SSE,7.4,0.0/6h,6h,6,4,0.6,10
631,63680,10/11/2022 09:00,09:00:00,10,11,2022,21.4,17.1,76,CAL,0,0.1/3h,3h,8,5,0.3,10
641,63680,09/11/2022 15:00,15:00:00,9,11,2022,24,18,69,CAL,0,0.0/3h,3h,7,4,0.6,10
651,63680,09/11/2022 12:00,12:00:00,9,11,2022,24.5,17.8,66,SSE,7.4,0.0/6h,6h,6,6,0.6,10
661,63680,08/11/2022 15:00,15:00:00,8,11,2022,23.2,18.4,74,SSE,7.4,0.0/3h,3h,7,5,0.6,10
671,63680,08/11/2022 12:00,12:00:00,8,11,2022,26,17.6,60,E,7.4,0.0/6h,6h,4,4,0.6,10
681,63680,08/11/2022 09:00,09:00:00,8,11,2022,24,18,69,WNW,7.4,0.0/3h,3h,6,6,0.6,10
691,63680,08/11/2022 06:00,06:00:00,8,11,2022,20.5,17.5,83,CAL,0,0.0/24h,24h,7,5,0.3,7
701,63680,07/11/2022 12:00,12:00:00,7,11,2022,25.5,18.2,64,E,11.1,0.0/6h,6h,5,5,0.6,10
711,63680,07/11/2022 09:00,09:00:00,7,11,2022,24,18,69,W,3.7,0.0/3h,3h,6,5,0.6,10
721,63680,07/11/2022 06:00,06:00:00,7,11,2022,20.6,18.5,88,CAL,0,Tr/24h,24h,8,6,0.3,8
731,63680,05/11/2022 12:00,12:00:00,5,11,2022,26.5,17.5,58,SSE,11.1,0.0/6h,6h,5,5,0.6,10
741,63680,05/11/2022 09:00,09:00:00,5,11,2022,26.4,17.6,58,NNW,7.4,0.0/3h,3h,4,4,0.6,9
751,63680,05/11/2022 06:00,06:00:00,5,11,2022,22,17.5,76,CAL,0,4.0/24h,24h,2,2,0.3,7
761,63680,04/11/2022 15:00,15:00:00,4,11,2022,20.4,18.3,88,CAL,0,0.0/3h,3h,7,4,0.3,10
771,63680,04/11/2022 12:00,12:00:00,4,11,2022,20,18.5,91,CAL,0,0.0/6h,6h,8,6,0.3,8
781,63680,04/11/2022 09:00,09:00:00,4,11,2022,23.2,18.4,74,NNW,7.4,0.0/3h,3h,7,5,0.3,9
791,63680,04/11/2022 06:00,06:00:00,4,11,2022,20,18.2,89,CAL,0,12.0/24h,24h,8,6,0.3,7
801,63680,03/11/2022 12:00,12:00:00,3,11,2022,20.2,18.4,89,CAL,0,11.0/24h,24h,7,4,0.3,9
811,63680,02/11/2022 15:00,15:00:00,2,11,2022,24.4,17.8,67,CAL,0,0.0/3h,3h,6,4,0.6,10
821,63680,02/11/2022 09:00,09:00:00,2,11,2022,24.8,17.6,64,CAL,0,0.0/3h,3h,6,4,0.6,9
831,63680,02/11/2022 06:00,06:00:00,2,11,2022,20.5,17.5,83,WNW,3.7,0.0/24h,24h,7,4,0.3,7
841,63680,01/11/2022 15:00,15:00:00,1,11,2022,25.8,17.4,60,CAL,0,0.0/3h,3h,6,2,0.6,10
851,63680,01/11/2022 12:00,12:00:00,1,11,2022,28,16.8,51,CAL,0,0.0/6h,6h,4,4,0.6,10
861,63680,01/11/2022 09:00,09:00:00,1,11,2022,27.4,18.4,58,CAL,0,0.0/3h,3h,6,2,0.6,10
871,63680,01/11/2022 06:00,06:00:00,1,11,2022,22.4,18.1,77,CAL,0,2.0/24h,24h,6,4,0.3,7
212,63680,31/10/2022 15:00,15:00:00,31,10,2022,26,17,58,CAL,0,0.0/3h,3h,2,2,0.6,10
312,63680,31/10/2022 12:00,12:00:00,31,10,2022,28,17.2,52,SSE,7.4,0.0/6h,6h,4,4,0.6,10
412,63680,31/10/2022 09:00,09:00:00,31,10,2022,27.5,17.8,55,E,3.7,0.0/3h,3h,2,2,0.6,10
512,63680,31/10/2022 06:00,06:00:00,31,10,2022,22,18.3,80,CAL,0,0.0/24h,24h,2,2,0.6,10
612,63680,30/10/2022 12:00,12:00:00,30,10,2022,27.5,17.8,55,NNW,7.4,0.0/6h,6h,4,4,0.6,10
712,63680,30/10/2022 09:00,09:00:00,30,10,2022,23.5,17.5,69,NNW,7.4,0.0/3h,3h,7,4,0.6,10
812,63680,30/10/2022 06:00,06:00:00,30,10,2022,19.4,17.9,91,CAL,0,0.7/24h,24h,8,5,0.3,8
97,63680,28/10/2022 15:00,15:00:00,28,10,2022,25.4,18.2,64,CAL,0,0.0/3h,3h,6,2,0.6,10
102,63680,28/10/2022 12:00,12:00:00,28,10,2022,27.4,18.1,57,CAL,0,0.0/6h,6h,4,4,0.6,10
112,63680,28/10/2022 09:00,09:00:00,28,10,2022,24.5,18.4,69,E,7.4,NA,NA,7,4,0.6,8
122,63680,28/10/2022 06:00,06:00:00,28,10,2022,18.6,18.3,98,CAL,0,7.0/24h,24h,8,5,0.3,6
132,63680,27/10/2022 15:00,15:00:00,27,10,2022,25,18.3,66,S,7.4,0.0/3h,3h,7,4,0.6,10
142,63680,27/10/2022 06:00,06:00:00,27,10,2022,18.6,18.3,98,CAL,0,7.0/24h,24h,8,5,0.3,6
152,63680,26/10/2022 12:00,12:00:00,26,10,2022,30,17.3,46,E,7.4,0.0/6h,6h,4,4,0.6,10
162,63680,26/10/2022 09:00,09:00:00,26,10,2022,27.4,17.8,56,NW,7.4,0.0/3h,3h,6,2,0.6,9
172,63680,25/10/2022 15:00,15:00:00,25,10,2022,27,16.8,54,S,7.4,0.0/3h,3h,2,2,0.6,10
182,63680,24/10/2022 15:00,15:00:00,24,10,2022,27.4,16.9,53,CAL,0,0.0/3h,3h,2,2,0.6,10
192,63680,24/10/2022 12:00,12:00:00,24,10,2022,28,16.8,51,S,3.7,0.0/6h,6h,4,4,0.6,10
202,63680,24/10/2022 09:00,09:00:00,24,10,2022,27.4,18.4,58,SSE,3.7,0.0/3h,3h,4,4,0.6,10
213,63680,24/10/2022 06:00,06:00:00,24,10,2022,22,19,83,CAL,0,1.0/24h,24h,4,4,0.3,6
222,63680,23/10/2022 12:00,12:00:00,23,10,2022,29.4,17.4,48,S,3.7,0.0/6h,6h,4,4,0.6,10
232,63680,23/10/2022 09:00,09:00:00,23,10,2022,26.8,18.4,60,ENE,7.4,0.0/3h,3h,4,4,0.6,10
242,63680,23/10/2022 06:00,06:00:00,23,10,2022,22.4,18.8,80,NNE,3.7,0.0/24h,24h,6,2,0.3,8
252,63680,22/10/2022 15:00,15:00:00,22,10,2022,22,18.1,79,S,3.7,0.0/3h,3h,7,5,0.3,10
262,63680,22/10/2022 12:00,12:00:00,22,10,2022,27,18,58,CAL,0,0.0/6h,6h,6,6,0.6,10
272,63680,22/10/2022 09:00,09:00:00,22,10,2022,26.2,18.4,62,NNW,7.4,0.0/3h,3h,4,4,0.6,9
282,63680,22/10/2022 06:00,06:00:00,22,10,2022,21.2,18.5,85,CAL,0,0.0/24h,24h,6,4,0.3,8
292,63680,21/10/2022 12:00,12:00:00,21,10,2022,26.2,17.2,58,SSE,3.7,0.0/6h,6h,5,5,0.6,10
302,63680,21/10/2022 09:00,09:00:00,21,10,2022,25,17.5,63,NNW,7.4,0.0/3h,3h,6,4,0.6,9
313,63680,21/10/2022 06:00,06:00:00,21,10,2022,19.5,18,91,CAL,0,0.3/24h,24h,8,5,0.3,6
322,63680,20/10/2022 15:00,15:00:00,20,10,2022,24.4,17.8,67,SSE,7.4,0.0/3h,3h,7,5,0.6,10
332,63680,20/10/2022 12:00,12:00:00,20,10,2022,27,17.3,55,S,7.4,0.0/6h,6h,5,5,0.6,10
342,63680,20/10/2022 06:00,06:00:00,20,10,2022,21,18.8,87,ENE,7.4,0.0/24h,24h,4,4,0.3,8
352,63680,19/10/2022 15:00,15:00:00,19,10,2022,23.5,18.6,74,CAL,0,0.0/3h,3h,7,5,0.6,10
362,63680,19/10/2022 12:00,12:00:00,19,10,2022,24.8,18.4,68,CAL,0,0.0/6h,6h,7,4,0.6,10
372,63680,19/10/2022 09:00,09:00:00,19,10,2022,24.5,18.4,69,CAL,0,0.0/3h,3h,6,6,0.6,9
382,63680,18/10/2022 15:00,15:00:00,18,10,2022,18.4,17.8,96,CAL,0,26.0/3h,3h,8,6,0.3,9
392,63680,18/10/2022 12:00,12:00:00,18,10,2022,26.5,17.4,57,NNW,7.4,0.0/6h,6h,5,5,0.6,10
402,63680,18/10/2022 09:00,09:00:00,18,10,2022,23.4,18.3,73,CAL,0,0.0/3h,3h,7,4,0.3,8
413,63680,18/10/2022 06:00,06:00:00,18,10,2022,21,18,83,NNW,7.4,0.1/24h,24h,7,5,0.3,6
422,63680,17/10/2022 12:00,12:00:00,17,10,2022,22.4,18,76,SSE,7.4,0.0/6h,6h,8,5,0.3,10
432,63680,17/10/2022 09:00,09:00:00,17,10,2022,23.4,18,72,S,5.6,0.0/3h,3h,7,4,0.3,8
442,63680,17/10/2022 06:00,06:00:00,17,10,2022,19,17.5,91,CAL,0,25.0/24h,24h,7,5,0.3,6
452,63680,16/10/2022 15:00,15:00:00,16,10,2022,18,17.7,98,CAL,0,0.0/3h,3h,8,6,0.3,8
462,63680,16/10/2022 12:00,12:00:00,16,10,2022,26,17.6,60,NNE,11.1,0.0/6h,6h,6,6,0.6,9
472,63680,16/10/2022 09:00,09:00:00,16,10,2022,26.2,16.9,57,NE,3.7,0.0/3h,3h,6,2,0.6,10
482,63680,16/10/2022 06:00,06:00:00,16,10,2022,20.6,18.2,86,ENE,3.7,15.0/24h,24h,7,4,0.3,8
492,63680,15/10/2022 15:00,15:00:00,15,10,2022,23.4,18.3,73,S,11.1,0.0/3h,3h,8,6,0.3,9
502,63680,15/10/2022 12:00,12:00:00,15,10,2022,29,17.3,49,S,7.4,0.0/6h,6h,4,4,0.6,10
513,63680,15/10/2022 09:00,09:00:00,15,10,2022,27.6,18,56,ENE,7.4,0.0/3h,3h,5,2,0.6,10
522,63680,15/10/2022 06:00,06:00:00,15,10,2022,21.4,19,86,SSE,3.7,15.0/24h,24h,4,4,0.3,6
532,63680,14/10/2022 15:00,15:00:00,14,10,2022,20.5,18.3,87,CAL,0,0.0/3h,3h,7,5,0.3,10
542,63680,14/10/2022 12:00,12:00:00,14,10,2022,20,18.2,89,CAL,0,15.0/6h,6h,7,5,0.3,9
552,63680,14/10/2022 09:00,09:00:00,14,10,2022,27,18.3,59,SSE,7.4,0.0/3h,3h,4,4,0.6,9
562,63680,14/10/2022 06:00,06:00:00,14,10,2022,22,17.5,76,CAL,0,0.0/24h,24h,4,2,0.3,6
572,63680,13/10/2022 15:00,15:00:00,13,10,2022,25,18.3,66,SSE,7.4,0.0/3h,3h,4,4,0.6,10
582,63680,12/10/2022 12:00,12:00:00,12,10,2022,25.5,18,63,S,7.4,0.0/6h,6h,6,6,0.6,10
592,63680,12/10/2022 09:00,09:00:00,12,10,2022,27,17.1,55,E,7.4,0.0/3h,3h,4,4,0.6,10
602,63680,12/10/2022 06:00,06:00:00,12,10,2022,21,17.3,79,CAL,0,0.2/24h,24h,6,4,0.3,6
613,63680,11/10/2022 12:00,12:00:00,11,10,2022,26.5,17.4,57,S,3.7,0.0/6h,6h,6,6,0.6,10
622,63680,11/10/2022 09:00,09:00:00,11,10,2022,25.4,17,60,E,3.7,0.0/3h,3h,4,4,0.6,10
632,63680,11/10/2022 06:00,06:00:00,11,10,2022,20.5,17.5,83,NNW,3.7,0.0/24h,24h,7,4,0.3,7
642,63680,10/10/2022 15:00,15:00:00,10,10,2022,26.5,16.8,55,SSE,3.7,0.0/3h,3h,6,2,0.6,10
652,63680,10/10/2022 12:00,12:00:00,10,10,2022,27.4,16.6,52,S,7.4,0.0/6h,6h,4,4,0.6,10
662,63680,10/10/2022 09:00,09:00:00,10,10,2022,26,17,58,NNW,7.4,0.0/3h,3h,4,4,0.6,10
672,63680,10/10/2022 06:00,06:00:00,10,10,2022,21.4,17.5,78,E,3.7,0.4/24h,24h,2,2,0.3,8
682,63680,09/10/2022 12:00,12:00:00,9,10,2022,24.5,17,63,SSE,7.4,0.0/6h,6h,7,5,0.6,9
692,63680,09/10/2022 09:00,09:00:00,9,10,2022,25,16.9,61,E,7.4,0.0/3h,3h,6,4,0.6,10
702,63680,09/10/2022 06:00,06:00:00,9,10,2022,19,17.8,93,CAL,0,7.0/24h,24h,7,5,0.3,8
713,63680,08/10/2022 15:00,15:00:00,8,10,2022,22,18.4,80,CAL,0,0.0/3h,3h,7,5,0.6,10
722,63680,08/10/2022 12:00,12:00:00,8,10,2022,22.8,17.4,72,NNE,7.4,1.0/6h,6h,7,4,0.3,10
732,63680,08/10/2022 09:00,09:00:00,8,10,2022,17.6,17.3,98,CAL,0,6.0/3h,3h,8,6,0.3,7
742,63680,08/10/2022 06:00,06:00:00,8,10,2022,19.2,17.7,91,CAL,0,1.0/24h,24h,8,6,0.3,6
752,63680,07/10/2022 15:00,15:00:00,7,10,2022,24,18,69,CAL,0,0.0/3h,3h,6,2,0.6,10
762,63680,07/10/2022 09:00,09:00:00,7,10,2022,26.5,17.5,58,S,3.7,0.0/3h,3h,4,4,0.6,10
772,63680,07/10/2022 06:00,06:00:00,7,10,2022,21,17.3,79,CAL,0,0.6/24h,24h,2,2,0.3,6
782,63680,06/10/2022 15:00,15:00:00,6,10,2022,24.6,18.3,68,S,3.7,0.6/3h,3h,6,4,0.6,10
792,63680,06/10/2022 12:00,12:00:00,6,10,2022,25,17.8,64,SSE,7.4,0.0/6h,6h,7,5,0.6,9
802,63680,06/10/2022 09:00,09:00:00,6,10,2022,25.5,18,63,SSE,7.4,0.0/3h,3h,4,4,0.6,10
813,63680,06/10/2022 06:00,06:00:00,6,10,2022,18.6,17.7,95,CAL,0,5.0/24h,24h,8,6,0.3,8
822,63680,05/10/2022 15:00,15:00:00,5,10,2022,24.8,17.9,65,CAL,0,0.0/3h,3h,4,4,0.6,10
832,63680,05/10/2022 12:00,12:00:00,5,10,2022,27.2,17.6,56,NNE,3.7,0.0/6h,6h,5,5,0.6,10
842,63680,05/10/2022 09:00,09:00:00,5,10,2022,25,18,65,WNW,7.4,0.0/3h,3h,2,2,0.6,10
852,63680,05/10/2022 06:00,06:00:00,5,10,2022,18.5,17,91,NW,9.3,36.0/24h,24h,7,5,0.3,8
862,63680,04/10/2022 12:00,12:00:00,4,10,2022,27.5,17.8,55,CAL,0,0.0/6h,6h,4,4,0.6,10
872,63680,04/10/2022 09:00,09:00:00,4,10,2022,26,16.7,57,ENE,11.1,0.0/3h,3h,2,2,0.6,10
881,63680,04/10/2022 06:00,06:00:00,4,10,2022,20.8,18.1,85,CAL,0,0.0/24h,24h,6,2,0.3,7
891,63680,03/10/2022 12:00,12:00:00,3,10,2022,26,17,58,CAL,0,0.0/6h,6h,7,4,0.6,10
901,63680,03/10/2022 09:00,09:00:00,3,10,2022,23.8,18.4,72,S,3.7,0.0/3h,3h,7,4,0.6,9
911,63680,02/10/2022 12:00,12:00:00,2,10,2022,28,16.8,51,SSE,7.4,0.0/6h,6h,4,4,0.6,10
921,63680,02/10/2022 09:00,09:00:00,2,10,2022,26.4,17.6,58,CAL,0,0.0/3h,3h,4,4,0.6,8
931,63680,01/10/2022 15:00,15:00:00,1,10,2022,24.4,17.8,67,CAL,0,0.0/3h,3h,5,5,0.6,10
94,63680,01/10/2022 12:00,12:00:00,1,10,2022,26.5,17.4,57,CAL,0,0.0/6h,6h,4,4,0.6,10
95,63680,01/10/2022 09:00,09:00:00,1,10,2022,24.6,17.7,65,NNE,7.4,0.0/3h,3h,6,4,0.6,9
96,63680,01/10/2022 06:00,06:00:00,1,10,2022,19.5,17.9,90,E,7.4,2.0/24h,24h,6,4,0.3,6
214,63680,30/09/2022 15:00,15:00:00,30,9,2022,21.5,18.4,83,CAL,0,0.0/3h,3h,7,5,0.3,10
314,63680,30/09/2022 12:00,12:00:00,30,9,2022,26.5,17.5,58,NNE,3.7,0.0/6h,6h,6,6,0.6,10
414,63680,30/09/2022 09:00,09:00:00,30,9,2022,26,17.9,61,NNE,3.7,0.0/3h,3h,4,4,0.6,10
514,63680,30/09/2022 06:00,06:00:00,30,9,2022,20,17.8,87,WNW,7.4,0.1/24h,24h,7,4,0.3,7
614,63680,29/09/2022 12:00,12:00:00,29,9,2022,26.8,18.1,59,S,7.4,Tr/6h,6h,4,4,0.6,10
714,63680,29/09/2022 09:00,09:00:00,29,9,2022,25,17.8,64,CAL,0,0.0/3h,3h,6,6,0.6,10
814,63680,29/09/2022 06:00,06:00:00,29,9,2022,21,17.7,81,ENE,7.4,0.0/24h,24h,2,2,0.3,7
98,63680,28/09/2022 12:00,12:00:00,28,9,2022,24.5,17.8,66,S,11.1,0.0/6h,6h,7,5,0.6,9
103,63680,28/09/2022 09:00,09:00:00,28,9,2022,25.4,17.2,60,NNW,7.4,0.0/3h,3h,4,4,0.6,10
113,63680,28/09/2022 06:00,06:00:00,28,9,2022,21.4,18.1,81,CAL,0,0.0/24h,24h,4,2,0.3,6
123,63680,27/09/2022 15:00,15:00:00,27,9,2022,25,17.2,62,S,7.4,0.0/3h,3h,6,2,0.6,10
133,63680,27/09/2022 12:00,12:00:00,27,9,2022,27.5,17.2,53,SSE,7.4,0.0/6h,6h,3,3,0.6,10
143,63680,27/09/2022 09:00,09:00:00,27,9,2022,27,16.5,53,S,7.4,0.0/3h,3h,4,4,0.6,10
153,63680,27/09/2022 06:00,06:00:00,27,9,2022,22,18.1,79,CAL,0,0.0/24h,24h,2,2,0.3,7
163,63680,26/09/2022 15:00,15:00:00,26,9,2022,25.2,17.4,62,CAL,0,0.0/3h,3h,2,2,0.6,10
173,63680,26/09/2022 09:00,09:00:00,26,9,2022,25,17.5,63,S,7.4,0.0/3h,3h,4,4,0.6,10
183,63680,26/09/2022 06:00,06:00:00,26,9,2022,20.5,16.8,79,CAL,0,1.0/24h,24h,2,2,0.3,8
193,63680,25/09/2022 15:00,15:00:00,25,9,2022,22.6,17.8,74,S,3.7,1.0/3h,3h,6,2,0.3,10
203,63680,25/09/2022 06:00,06:00:00,25,9,2022,20,17,83,CAL,0,19.0/24h,24h,7,5,0.3,8
215,63680,24/09/2022 15:00,15:00:00,24,9,2022,19.4,18.2,93,CAL,0,18.0/3h,3h,7,4,0.3,10
223,63680,24/09/2022 12:00,12:00:00,24,9,2022,23.5,18.3,73,SW,11.1,0.0/6h,6h,7,5,0.6,9
233,63680,24/09/2022 09:00,09:00:00,24,9,2022,25,17.5,63,WNW,7.4,0.0/3h,3h,5,5,0.6,10
243,63680,24/09/2022 06:00,06:00:00,24,9,2022,21,18.3,85,NW,3.7,26.0/24h,24h,4,2,0.3,7
253,63680,23/09/2022 15:00,15:00:00,23,9,2022,23,18.2,74,S,7.4,26.0/3h,3h,6,2,0.3,9
263,63680,23/09/2022 12:00,12:00:00,23,9,2022,18.4,18.4,100,CAL,0,0.0/6h,6h,8,6,0.3,8
273,63680,23/09/2022 09:00,09:00:00,23,9,2022,25.5,17.3,60,SSE,7.4,0.0/3h,3h,5,5,0.6,10
283,63680,22/09/2022 15:00,15:00:00,22,9,2022,25,17.4,63,NW,7.4,0.0/3h,3h,2,2,0.6,10
293,63680,22/09/2022 12:00,12:00:00,22,9,2022,26,17.8,61,CAL,0,0.0/6h,6h,4,4,0.6,10
303,63680,22/09/2022 09:00,09:00:00,22,9,2022,22.5,17.3,72,WNW,3.7,0.6/3h,24h,6,4,0.3,10
315,63680,22/09/2022 06:00,06:00:00,22,9,2022,19.4,18.1,92,CAL,0,Tr/24h,24h,7,5,0.3,7
323,63680,21/09/2022 15:00,15:00:00,21,9,2022,25,17.5,63,S,7.4,0.0/3h,3h,4,4,0.6,10
333,63680,21/09/2022 12:00,12:00:00,21,9,2022,27.5,18.4,58,S,7.4,0.0/6h,6h,4,4,0.6,10
343,63680,21/09/2022 09:00,09:00:00,21,9,2022,26,18.2,62,NNE,3.7,0.0/3h,3h,4,4,0.6,10
353,63680,21/09/2022 06:00,06:00:00,21,9,2022,21.6,17.7,78,CAL,0,0.0/24h,24h,2,2,0.3,7
363,63680,20/09/2022 15:00,15:00:00,20,9,2022,26.5,17.4,57,S,3.7,0.0/3h,3h,2,2,0.6,10
373,63680,20/09/2022 12:00,12:00:00,20,9,2022,27.5,18.4,58,S,7.4,0.0/6h,6h,4,4,0.6,10
383,63680,20/09/2022 09:00,09:00:00,20,9,2022,26.5,17.5,58,ENE,3.7,0.0/3h,3h,2,2,0.6,10
393,63680,20/09/2022 06:00,06:00:00,20,9,2022,21,18,83,CAL,0,NA,NA,2,2,0.3,7
403,63680,19/09/2022 15:00,15:00:00,19,9,2022,25.5,17.6,62,SSE,3.7,0.0/3h,3h,4,4,0.6,10
415,63680,18/09/2022 12:00,12:00:00,18,9,2022,27.8,18.2,56,E,3.7,0.0/6h,6h,5,5,0.6,10
423,63680,18/09/2022 09:00,09:00:00,18,9,2022,26,18.5,63,ENE,7.4,0.0/3h,3h,4,4,0.6,10
433,63680,18/09/2022 06:00,06:00:00,18,9,2022,21,18,83,CAL,0,10.0/24h,24h,2,2,0.3,7
443,63680,17/09/2022 15:00,15:00:00,17,9,2022,22,19,83,CAL,0,0.0/3h,3h,7,4,0.3,10
453,63680,17/09/2022 12:00,12:00:00,17,9,2022,21.4,18.8,85,SSE,3.7,0.0/6h,6h,8,6,0.3,7
463,63680,17/09/2022 09:00,09:00:00,17,9,2022,26,17.8,61,E,7.4,0.0/3h,3h,4,4,0.6,10
473,63680,17/09/2022 06:00,06:00:00,17,9,2022,20.5,18.3,87,CAL,0,0.0/24h,24h,6,4,0.3,7
483,63680,16/09/2022 15:00,15:00:00,16,9,2022,24.6,17.7,65,SSE,7.4,0.0/3h,3h,6,2,0.6,10
493,63680,16/09/2022 12:00,12:00:00,16,9,2022,25.4,18.2,64,S,7.4,0.0/6h,6h,4,4,0.6,10
503,63680,16/09/2022 06:00,06:00:00,16,9,2022,19,18.4,96,CAL,0,7.0/24h,24h,7,5,0.3,6
515,63680,15/09/2022 12:00,12:00:00,15,9,2022,22.4,18.8,80,CAL,0,0.0/6h,6h,7,5,0.3,10
523,63680,15/09/2022 09:00,09:00:00,15,9,2022,24.5,17.8,66,W,3.7,0.0/3h,3h,6,6,0.6,10
533,63680,15/09/2022 06:00,06:00:00,15,9,2022,20,18.2,89,CAL,0,1.0/24h,24h,4,2,0.3,6
543,63680,14/09/2022 15:00,15:00:00,14,9,2022,20,18.2,89,SSE,7.4,0.0/3h,3h,8,6,0.3,10
553,63680,14/09/2022 12:00,12:00:00,14,9,2022,23,18.5,76,E,7.4,0.0/6h,6h,7,5,0.3,10
563,63680,14/09/2022 09:00,09:00:00,14,9,2022,21.2,18.7,86,CAL,0,0.0/3h,3h,7,5,0.3,10
573,63680,14/09/2022 06:00,06:00:00,14,9,2022,18.5,17.8,96,CAL,0,8.0/24h,24h,8,6,0.3,7
583,63680,13/09/2022 15:00,15:00:00,13,9,2022,18,16.8,93,CAL,0,0.0/3h,3h,8,6,0.3,8
593,63680,13/09/2022 12:00,12:00:00,13,9,2022,22,19,83,CAL,0,0.0/6h,6h,8,6,0.3,8
603,63680,13/09/2022 09:00,09:00:00,13,9,2022,24.4,18.4,69,NNW,7.4,0.0/3h,3h,6,6,0.6,9
615,63680,12/09/2022 12:00,12:00:00,12,9,2022,21.5,18.5,83,CAL,0,0.0/6h,6h,8,6,0.3,9
623,63680,12/09/2022 09:00,09:00:00,12,9,2022,25.4,18.8,67,WNW,7.4,0.0/3h,3h,6,6,0.6,10
633,63680,12/09/2022 06:00,06:00:00,12,9,2022,20.5,17.5,83,CAL,0,10.0/24h,24h,4,2,0.3,7
643,63680,11/09/2022 15:00,15:00:00,11,9,2022,22.6,18,75,CAL,0,10.0/3h,3h,6,4,0.3,10
653,63680,10/09/2022 12:00,12:00:00,10,9,2022,25.6,17.2,60,SSE,7.4,0.0/6h,6h,6,6,0.6,10
663,63680,10/09/2022 09:00,09:00:00,10,9,2022,24.5,17,63,NW,7.4,0.0/3h,3h,6,4,0.6,9
673,63680,10/09/2022 06:00,06:00:00,10,9,2022,20,17.6,86,CAL,0,24.0/24h,24h,6,4,0.3,7
683,63680,09/09/2022 15:00,15:00:00,9,9,2022,23.5,17.5,69,CAL,0,0.0/3h,3h,6,4,0.6,10
693,63680,09/09/2022 12:00,12:00:00,9,9,2022,22,19,83,CAL,0,0.0/6h,6h,7,5,0.3,9
703,63680,09/09/2022 09:00,09:00:00,9,9,2022,26.5,17.5,58,S,3.7,0.0/3h,3h,6,6,0.6,10
715,63680,09/09/2022 06:00,06:00:00,9,9,2022,23,18.2,74,CAL,0,Tr/24h,24h,4,2,0.3,6
723,63680,08/09/2022 12:00,12:00:00,8,9,2022,24.2,17.9,68,SSE,7.4,0.0/6h,6h,7,5,0.6,9
733,63680,07/09/2022 09:00,09:00:00,7,9,2022,22.4,17.3,73,NW,7.4,0.0/3h,3h,7,4,0.3,10
743,63680,07/09/2022 06:00,06:00:00,7,9,2022,19,16.8,87,CAL,0,Tr/24h,24h,7,4,0.3,8
753,63680,06/09/2022 15:00,15:00:00,6,9,2022,23.5,18.3,73,CAL,0,0.0/3h,3h,7,4,0.6,10
763,63680,06/09/2022 12:00,12:00:00,6,9,2022,26,17.8,61,WNW,7.4,0.0/6h,6h,6,6,0.6,10
773,63680,06/09/2022 09:00,09:00:00,6,9,2022,25.5,18.8,66,NNW,7.4,0.0/3h,3h,4,4,0.6,10
783,63680,06/09/2022 06:00,06:00:00,6,9,2022,18.5,17.6,94,CAL,0,82.0/24h,24h,7,5,0.3,8
793,63680,05/09/2022 15:00,15:00:00,5,9,2022,24.5,17.8,66,CAL,0,0.0/3h,3h,7,5,0.6,10
803,63680,05/09/2022 09:00,09:00:00,5,9,2022,25.4,17.9,63,ENE,11.1,0.0/3h,3h,6,4,0.6,9
815,63680,04/09/2022 12:00,12:00:00,4,9,2022,24.5,17,63,CAL,0,0.0/6h,6h,5,5,0.6,10
823,63680,04/09/2022 09:00,09:00:00,4,9,2022,24.6,17.7,65,NE,11.1,0.0/3h,3h,4,4,0.6,10
833,63680,04/09/2022 06:00,06:00:00,4,9,2022,21,18,83,CAL,0,0.8/24h,24h,2,2,0.3,7
843,63680,03/09/2022 15:00,15:00:00,3,9,2022,21.5,17.8,79,S,3.7,0.0/3h,3h,7,4,0.3,10
853,63680,02/09/2022 15:00,15:00:00,2,9,2022,20,18.2,89,CAL,0,0.8/3h,3h,7,4,0.3,9
863,63680,02/09/2022 12:00,12:00:00,2,9,2022,22,17.5,76,S,14.8,0.0/6h,6h,8,6,0.3,9
873,63680,02/09/2022 09:00,09:00:00,2,9,2022,25.5,16.5,57,NE,7.4,0.0/3h,3h,4,4,0.6,10
882,63680,02/09/2022 06:00,06:00:00,2,9,2022,19,17.8,93,NNE,11.1,0.0/24h,24h,7,4,0.3,6
892,63680,01/09/2022 15:00,15:00:00,1,9,2022,22.5,18,76,CAL,0,0.0/3h,3h,6,2,0.6,10
902,63680,01/09/2022 09:00,09:00:00,1,9,2022,22,19,83,W,7.4,0.0/3h,3h,7,5,0.6,8
216,63680,31/08/2022 15:00,15:00:00,31,8,2022,23,18.2,74,SSE,3.7,0.0/3h,3h,7,3,0.6,10
316,63680,31/08/2022 09:00,09:00:00,31,8,2022,25.5,17.3,60,S,3.7,0.0/3h,3h,5,4,0.6,10
416,63680,31/08/2022 06:00,06:00:00,31,8,2022,19.5,17.3,87,CAL,0,37.0/24h,24h,6,2,0.3,6
516,63680,30/08/2022 15:00,15:00:00,30,8,2022,21.5,18.5,83,CAL,0,0.0/3h,3h,7,4,0.3,10
616,63680,30/08/2022 12:00,12:00:00,30,8,2022,23.5,18,71,SSE,7.4,37.0/6h,6h,7,5,0.6,10
716,63680,30/08/2022 09:00,09:00:00,30,8,2022,19,18.4,96,CAL,0,0.0/3h,3h,8,6,0.3,8
816,63680,29/08/2022 15:00,15:00:00,29,8,2022,24,18,69,CAL,0,0.0/3h,3h,7,5,0.6,10
99,63680,29/08/2022 12:00,12:00:00,29,8,2022,26,17,58,SSE,7.4,0.0/6h,6h,6,6,0.6,10
104,63680,29/08/2022 09:00,09:00:00,29,8,2022,25.5,16.5,57,CAL,0,0.0/3h,3h,5,2,0.6,10
114,63680,29/08/2022 06:00,06:00:00,29,8,2022,19.5,17.3,87,CAL,0,7.0/24h,24h,7,4,0.3,6
124,63680,28/08/2022 15:00,15:00:00,28,8,2022,20,17.8,87,SSE,7.4,0.0/3h,3h,8,6,0.3,9
134,63680,28/08/2022 12:00,12:00:00,28,8,2022,25.5,16.7,58,CAL,0,0.0/6h,6h,6,6,0.6,10
144,63680,28/08/2022 09:00,09:00:00,28,8,2022,25,17.2,62,SSE,7.4,0.0/3h,3h,5,5,0.6,10
154,63680,28/08/2022 06:00,06:00:00,28,8,2022,20.5,18,86,NNE,7.4,0.0/24h,24h,2,2,0.3,7
164,63680,27/08/2022 12:00,12:00:00,27,8,2022,23,17,69,SSE,11.1,0.0/6h,6h,7,5,0.3,10
174,63680,27/08/2022 09:00,09:00:00,27,8,2022,23.5,17.4,69,NE,3.7,0.0/3h,3h,6,4,0.6,9
184,63680,27/08/2022 06:00,06:00:00,27,8,2022,19.6,17.8,89,CAL,0,0.0/24h,24h,7,5,0.3,7
194,63680,26/08/2022 15:00,15:00:00,26,8,2022,24.2,17,64,SSE,3.7,0.0/3h,3h,4,4,0.6,10
204,63680,26/08/2022 12:00,12:00:00,26,8,2022,26.5,16.5,54,S,11.1,0.0/6h,6h,4,4,0.6,10
217,63680,26/08/2022 06:00,06:00:00,26,8,2022,21.5,17,76,E,7.4,0.0/24h,24h,2,2,0.3,7
224,63680,25/08/2022 15:00,15:00:00,25,8,2022,24,16.5,63,S,7.4,0.0/3h,3h,4,4,0.6,10
234,63680,25/08/2022 12:00,12:00:00,25,8,2022,27,15.8,50,S,11.1,0.0/6h,6h,4,4,0.6,10
244,63680,25/08/2022 06:00,06:00:00,25,8,2022,21.2,18.2,83,CAL,0,0.0/24h,24h,2,2,0.3,6
254,63680,24/08/2022 15:00,15:00:00,24,8,2022,24,16.5,63,SE,7.4,0.0/3h,3h,2,2,0.6,10
264,63680,24/08/2022 06:00,06:00:00,24,8,2022,20,17,83,CAL,0,0.4/24h,24h,7,4,0.3,7
274,63680,23/08/2022 15:00,15:00:00,23,8,2022,23,17,69,CAL,0,0.0/3h,3h,6,2,0.6,10
284,63680,23/08/2022 12:00,12:00:00,23,8,2022,24.6,17.1,63,W,7.4,0.0/6h,6h,6,4,0.6,10
294,63680,23/08/2022 09:00,09:00:00,23,8,2022,20.6,18.2,86,NW,7.4,0.4/3h,3h,7,5,0.3,6
304,63680,23/08/2022 06:00,06:00:00,23,8,2022,19.5,17.3,87,CAL,0,0.0/24h,24h,8,6,0.3,7
317,63680,22/08/2022 15:00,15:00:00,22,8,2022,24.2,17.2,65,CAL,0,0.0/3h,3h,7,4,0.6,10
324,63680,22/08/2022 12:00,12:00:00,22,8,2022,27,16.5,53,SSE,11.1,0.0/6h,6h,2,2,0.6,10
334,63680,22/08/2022 09:00,09:00:00,22,8,2022,27,17.7,57,ENE,7.4,0.0/3h,3h,4,4,0.6,10
344,63680,22/08/2022 06:00,06:00:00,22,8,2022,22.4,18.8,80,CAL,0,0.0/24h,24h,4,4,0.3,4
354,63680,21/08/2022 15:00,15:00:00,21,8,2022,23.2,18.4,74,S,7.4,0.0/3h,3h,7,5,0.3,10
364,63680,21/08/2022 12:00,12:00:00,21,8,2022,26,17.6,60,SSE,14.8,0.0/6h,6h,6,6,0.6,10
374,63680,21/08/2022 09:00,09:00:00,21,8,2022,26,17,58,CAL,0,0.0/3h,3h,3,3,0.6,9
384,63680,21/08/2022 06:00,06:00:00,21,8,2022,22,17.5,76,CAL,0,0.0/24h,24h,2,2,0.3,6
394,63680,19/08/2022 09:00,09:00:00,19,8,2022,26,17,58,SSE,7.4,0.0/3h,3h,2,2,0.6,9
404,63680,19/08/2022 06:00,06:00:00,19,8,2022,21,17.4,80,CAL,0,0.3/24h,24h,2,2,0.3,5
417,63680,18/08/2022 15:00,15:00:00,18,8,2022,23.4,17.4,69,CAL,0,0.0/3h,3h,4,4,0.6,10
424,63680,18/08/2022 12:00,12:00:00,18,8,2022,22.4,16.7,70,SSE,7.4,0.0/6h,6h,7,4,0.3,10
434,63680,18/08/2022 09:00,09:00:00,18,8,2022,20.4,18.3,88,CAL,0,0.2/3h,3h,8,6,0.3,8
444,63680,18/08/2022 06:00,06:00:00,18,8,2022,17.5,17.5,100,CAL,0,39.0/24h,24h,8,6,0.3,5
454,63680,17/08/2022 15:00,15:00:00,17,8,2022,19,18.7,98,CAL,0,0.0/3h,3h,8,6,0.3,8
464,63680,17/08/2022 12:00,12:00:00,17,8,2022,24.2,17.2,65,WNW,7.4,0.0/6h,6h,6,6,0.6,9
474,63680,17/08/2022 06:00,06:00:00,17,8,2022,18.8,18.4,98,CAL,0,3.0/24h,24h,8,6,0.3,5
484,63680,16/08/2022 15:00,15:00:00,16,8,2022,18.5,17.8,96,SSE,3.7,2.0/3h,3h,8,6,0.3,9
494,63680,16/08/2022 12:00,12:00:00,16,8,2022,19,18.1,95,CAL,0,0.5/6h,6h,8,6,0.3,9
504,63680,16/08/2022 09:00,09:00:00,16,8,2022,22.6,18.7,79,CAL,0,0.0/3h,3h,7,5,0.3,9
517,63680,16/08/2022 06:00,06:00:00,16,8,2022,20.5,18.3,87,SSE,7.4,0.5/24h,24h,7,4,0.3,6
524,63680,15/08/2022 15:00,15:00:00,15,8,2022,21.4,18.4,83,S,7.4,0.5/3h,3h,8,6,0.3,9
534,63680,15/08/2022 12:00,12:00:00,15,8,2022,25,17.5,63,NE,14.8,0.0/6h,6h,7,5,0.6,10
544,63680,15/08/2022 09:00,09:00:00,15,8,2022,25,17.5,63,S,7.4,0.0/3h,3h,7,5,0.6,9
554,63680,15/08/2022 06:00,06:00:00,15,8,2022,20,17.5,86,NNE,7.4,0.0/24h,24h,7,5,0.3,6
564,63680,14/08/2022 15:00,15:00:00,14,8,2022,25.6,15.7,54,S,7.4,0.0/3h,3h,2,2,0.6,10
574,63680,14/08/2022 12:00,12:00:00,14,8,2022,27.5,17.2,53,SSE,7.4,0.0/6h,6h,2,2,0.6,10
584,63680,14/08/2022 09:00,09:00:00,14,8,2022,26.4,16.5,54,S,7.4,0.0/3h,3h,2,2,0.6,10
594,63680,14/08/2022 06:00,06:00:00,14,8,2022,20,17,83,CAL,0,10.0/24h,24h,7,4,0.3,6
604,63680,14/08/2022 05:00,05:00:00,14,8,2022,27.5,17.2,53,SSE,7.4,0.0/3h,3h,2,2,0.6,10
617,63680,13/08/2022 15:00,15:00:00,13,8,2022,21.4,18.8,85,CAL,0,8.0/3h,3h,8,6,0.3,9
624,63680,13/08/2022 12:00,12:00:00,13,8,2022,20.4,18.9,91,CAL,0,0.0/6h,6h,8,6,0.3,8
634,63680,13/08/2022 09:00,09:00:00,13,8,2022,23,18.2,74,NE,7.4,0.0/3h,3h,7,5,0.3,8
644,63680,13/08/2022 06:00,06:00:00,13,8,2022,21,18.6,86,NNE,7.4,0.0/24h,24h,7,5,0.3,6
654,63680,12/08/2022 15:00,15:00:00,12,8,2022,24.5,16.3,60,SSE,7.4,0.0/3h,3h,4,4,0.6,10
664,63680,12/08/2022 12:00,12:00:00,12,8,2022,26.4,15.3,50,ENE,7.4,0.0/6h,6h,4,4,0.6,10
674,63680,12/08/2022 06:00,06:00:00,12,8,2022,20.6,17.9,85,CAL,0,0.0/24h,24h,6,4,0.3,5
684,63680,11/08/2022 09:00,09:00:00,11,8,2022,26,15.5,52,E,14.8,0.0/3h,3h,2,2,0.6,7
694,63680,11/08/2022 06:00,06:00:00,11,8,2022,21,17.7,81,CAL,0,0.0/24h,24h,2,2,0.3,5
704,63680,10/08/2022 15:00,15:00:00,10,8,2022,24.5,16.6,61,SSE,7.4,0.0/3h,3h,2,2,0.6,10
717,63680,10/08/2022 12:00,12:00:00,10,8,2022,27,16.5,53,S,11.1,0.0/6h,6h,3,3,0.6,9
724,63680,10/08/2022 09:00,09:00:00,10,8,2022,26,16.3,55,S,7.4,0.0/3h,3h,2,2,0.6,7
734,63680,10/08/2022 06:00,06:00:00,10,8,2022,20.5,17.5,83,CAL,0,0.0/24h,24h,2,2,0.3,5
744,63680,09/08/2022 06:00,06:00:00,9,8,2022,20.8,17.4,81,CAL,0,0.0/24h,24h,4,2,0.3,5
754,63680,08/08/2022 15:00,15:00:00,8,8,2022,25.4,16.4,57,S,7.4,0.0/3h,3h,2,2,0.6,10
764,63680,08/08/2022 12:00,12:00:00,8,8,2022,27,16.5,53,SSE,7.4,0.0/6h,6h,4,4,0.6,10
774,63680,08/08/2022 06:00,06:00:00,8,8,2022,21,18,83,CAL,0,0.0/24h,24h,3,3,0.3,5
784,63680,07/08/2022 12:00,12:00:00,7,8,2022,27.2,16.4,52,SSE,11.1,0.0/6h,6h,4,4,0.6,10
794,63680,07/08/2022 09:00,09:00:00,7,8,2022,26,16.4,55,SSE,9.3,0.0/3h,3h,4,4,0.6,9
804,63680,07/08/2022 06:00,06:00:00,7,8,2022,20.8,16.6,77,CAL,0,0.0/24h,24h,2,2,0.3,5
817,63680,06/08/2022 09:00,09:00:00,6,8,2022,24.8,17.6,64,S,3.7,0.0/3h,3h,6,6,0.6,7
824,63680,06/08/2022 06:00,06:00:00,6,8,2022,20.6,16.7,78,CAL,0,0.0/24h,24h,7,4,0.3,5
834,63680,05/08/2022 15:00,15:00:00,5,8,2022,24.5,16.3,60,S,7.4,0.0/3h,3h,2,2,0.6,10
844,63680,05/08/2022 12:00,12:00:00,5,8,2022,26.5,16.2,53,SSE,7.4,0.0/6h,6h,4,4,0.6,10
854,63680,05/08/2022 09:00,09:00:00,5,8,2022,25,17.5,63,S,7.4,0.0/3h,3h,6,6,0.6,9
864,63680,05/08/2022 06:00,06:00:00,5,8,2022,20.5,18.3,87,CAL,0,0.0/24h,24h,3,3,0.3,5
874,63680,04/08/2022 15:00,15:00:00,4,8,2022,23,16.7,68,CAL,0,0.0/3h,3h,6,4,0.3,10
883,63680,04/08/2022 09:00,09:00:00,4,8,2022,22,17.5,76,S,11.1,0.0/3h,3h,8,6,0.3,9
893,63680,04/08/2022 06:00,06:00:00,4,8,2022,20,17.6,86,CAL,0,0.0/24h,24h,7,5,0.3,5
903,63680,03/08/2022 15:00,15:00:00,3,8,2022,24.2,16.4,62,SSE,7.4,0.0/3h,3h,4,4,0.6,10
912,63680,03/08/2022 09:00,09:00:00,3,8,2022,24,17.3,66,ENE,7.4,0.0/3h,3h,6,6,0.6,10
922,63680,03/08/2022 06:00,06:00:00,3,8,2022,21,17.7,81,CAL,0,Tr/24h,24h,2,2,0.3,6
932,63680,02/08/2022 09:00,09:00:00,2,8,2022,22.5,16.5,69,S,7.4,0.0/3h,3h,6,NA,0.3,10
941,63680,01/08/2022 12:00,12:00:00,1,8,2022,26.8,16.3,53,W,5.6,0.0/6h,6h,4,4,0.6,10
951,63680,01/08/2022 09:00,09:00:00,1,8,2022,23.5,17.4,69,SSE,7.4,0.0/3h,3h,5,5,0.6,8
961,63680,01/08/2022 06:00,06:00:00,1,8,2022,20.5,17.5,83,CAL,0,0.1/24h,24h,6,3,0.3,5
218,63680,31/07/2022 15:00,15:00:00,31,7,2022,24,16.4,62,SSE,7.4,0.0/3h,3h,4,4,0.6,10
318,63680,31/07/2022 12:00,12:00:00,31,7,2022,24.4,16.9,63,S,7.4,0.0/6h,6h,6,6,0.6,9
418,63680,31/07/2022 09:00,09:00:00,31,7,2022,20.4,17.6,84,CAL,0,0.0/3h,3h,8,6,0.3,7
518,63680,30/07/2022 12:00,12:00:00,30,7,2022,25,17.5,63,SSE,7.4,0.0/6h,6h,6,6,0.6,9
618,63680,30/07/2022 09:00,09:00:00,30,7,2022,23.8,17.2,67,SW,7.4,0.0/3h,3h,6,4,0.6,8
718,63680,30/07/2022 06:00,06:00:00,30,7,2022,18.8,16.9,89,CAL,0,7.0/24h,24h,7,5,0.3,6
818,63680,29/07/2022 15:00,15:00:00,29,7,2022,22.5,18.8,80,CAL,0,NA,NA,6,4,0.3,9
910,63680,29/07/2022 12:00,12:00:00,29,7,2022,23.4,18.3,73,S,3.7,0.0/6h,6h,7,5,0.3,10
105,63680,29/07/2022 09:00,09:00:00,29,7,2022,24.2,17.2,65,SSE,3.7,0.0/3h,3h,6,6,0.6,9
115,63680,29/07/2022 06:00,06:00:00,29,7,2022,20,18.2,89,CAL,0,Tr/24h,24h,7,5,0.3,6
125,63680,28/07/2022 15:00,15:00:00,28,7,2022,25.2,17.4,62,SSE,7.4,0.0/3h,3h,4,4,0.6,10
135,63680,28/07/2022 12:00,12:00:00,28,7,2022,25,16.9,61,SSE,7.4,0.0/6h,6h,4,4,0.6,10
145,63680,28/07/2022 09:00,09:00:00,28,7,2022,25.5,16.5,57,S,7.4,0.0/3h,3h,4,4,0.6,8
155,63680,28/07/2022 06:00,06:00:00,28,7,2022,21,18,83,CAL,0,0.0/24h,24h,2,2,0.3,5
165,63680,27/07/2022 15:00,15:00:00,27,7,2022,24,16.3,62,ESE,11.1,0.0/3h,3h,4,4,0.6,10
175,63680,27/07/2022 12:00,12:00:00,27,7,2022,24,16.5,63,S,7.4,0.0/6h,6h,7,5,0.6,10
185,63680,27/07/2022 09:00,09:00:00,27,7,2022,25.2,16.2,57,SSE,7.4,0.0/3h,3h,4,4,0.6,10
195,63680,27/07/2022 06:00,06:00:00,27,7,2022,20.5,16.8,79,S,7.4,Tr/24h,24h,7,5,0.3,6
205,63680,26/07/2022 15:00,15:00:00,26,7,2022,24.4,16.3,61,SSE,7.4,0.0/3h,3h,2,2,0.6,10
219,63680,26/07/2022 12:00,12:00:00,26,7,2022,24,16.5,63,S,14.8,0.0/6h,6h,6,5,0.6,10
225,63680,26/07/2022 09:00,09:00:00,26,7,2022,27,16.5,53,S,7.4,0.0/3h,3h,4,4,0.6,9
235,63680,26/07/2022 06:00,06:00:00,26,7,2022,20.6,17.9,85,CAL,0,0.0/24h,24h,6,6,0.3,6
245,63680,25/07/2022 12:00,12:00:00,25,7,2022,26,17,58,SSE,7.4,0.0/6h,6h,5,5,0.6,10
255,63680,25/07/2022 06:00,06:00:00,25,7,2022,21,16.5,75,CAL,0,0.0/24h,24h,4,2,0.3,5
265,63680,24/07/2022 15:00,15:00:00,24,7,2022,24,15.6,59,SSE,7.4,0.0/3h,3h,2,2,0.6,10
275,63680,24/07/2022 12:00,12:00:00,24,7,2022,25.5,16.5,57,S,11.1,0.0/6h,6h,4,4,0.6,10
285,63680,24/07/2022 09:00,09:00:00,24,7,2022,24.6,17.7,65,ESE,11.1,0.0/3h,3h,6,6,0.6,10
295,63680,23/07/2022 15:00,15:00:00,23,7,2022,24,16.8,64,S,7.4,0.0/3h,3h,2,2,0.6,10
305,63680,23/07/2022 09:00,09:00:00,23,7,2022,23.4,18,72,SSE,11.1,Tr/3h,3h,7,5,0.3,8
319,63680,23/07/2022 06:00,06:00:00,23,7,2022,23.4,18,72,SSE,11.1,Tr/3h,3h,7,5,0.3,8
325,63680,22/07/2022 12:00,12:00:00,22,7,2022,27,16.2,52,S,3.7,0.0/6h,6h,6,2,0.6,10
335,63680,22/07/2022 06:00,06:00:00,22,7,2022,23,17,69,SSE,7.4,Tr/24h,24h,6,4,0.3,8
345,63680,21/07/2022 15:00,15:00:00,21,7,2022,23.4,16.2,64,S,7.4,0.0/3h,3h,6,2,0.6,10
355,63680,21/07/2022 12:00,12:00:00,21,7,2022,24.6,15.6,57,SSE,11.1,0.0/6h,6h,4,4,0.6,10
365,63680,21/07/2022 09:00,09:00:00,21,7,2022,21,18,83,SSE,7.4,Tr/3h,3h,8,6,0.3,7
375,63680,21/07/2022 06:00,06:00:00,21,7,2022,22,17.2,74,S,7.4,0.0/24h,24h,2,2,0.3,5
385,63680,20/07/2022 15:00,15:00:00,20,7,2022,24.5,16.3,60,ESE,7.4,0.0/3h,3h,2,2,0.6,10
395,63680,20/07/2022 12:00,12:00:00,20,7,2022,25.5,15.5,54,SSE,11.1,0.0/6h,6h,3,3,0.6,10
405,63680,20/07/2022 09:00,09:00:00,20,7,2022,23.6,16.7,65,S,11.1,0.0/3h,3h,6,6,0.6,10
419,63680,20/07/2022 06:00,06:00:00,20,7,2022,21,17.7,81,CAL,0,Tr/24h,24h,6,4,0.3,5
425,63680,19/07/2022 15:00,15:00:00,19,7,2022,23.5,16.8,66,SSE,7.4,0.0/3h,3h,4,4,0.6,10
435,63680,19/07/2022 12:00,12:00:00,19,7,2022,22,16.8,72,S,7.4,Tr/6h,6h,7,5,0.3,10
445,63680,19/07/2022 09:00,09:00:00,19,7,2022,20.4,16.8,80,ESE,7.4,0.0/3h,3h,8,6,0.3,8
455,63680,19/07/2022 06:00,06:00:00,19,7,2022,21,18,83,CAL,0,0.0/24h,24h,8,5,0.3,6
465,63680,18/07/2022 06:00,06:00:00,18,7,2022,23,17.8,73,CAL,0,0.0/24h,24h,4,4,0.3,5
475,63680,17/07/2022 15:00,15:00:00,17,7,2022,24.4,17.8,67,S,7.4,0.0/3h,3h,2,2,0.6,10
485,63680,17/07/2022 12:00,12:00:00,17,7,2022,26.2,16.9,57,S,7.4,0.0/6h,6h,5,5,0.6,10
495,63680,17/07/2022 09:00,09:00:00,17,7,2022,25.4,16.6,58,S,7.4,0.0/3h,3h,6,5,0.6,10
505,63680,17/07/2022 06:00,06:00:00,17,7,2022,22.6,17.8,74,CAL,0,0.0/24h,24h,2,2,0.3,5
519,63680,16/07/2022 15:00,15:00:00,16,7,2022,23.8,15.9,61,S,7.4,0.0/3h,3h,4,4,0.6,10
525,63680,16/07/2022 12:00,12:00:00,16,7,2022,26.2,16.9,57,ENE,11.1,0.0/6h,6h,6,4,0.6,10
535,63680,16/07/2022 09:00,09:00:00,16,7,2022,23.5,16.8,66,S,7.4,0.0/3h,3h,6,4,0.6,9
545,63680,16/07/2022 06:00,06:00:00,16,7,2022,20.5,17.7,84,E,7.4,0.0/24h,24h,7,4,0.3,5
555,63680,15/07/2022 15:00,15:00:00,15,7,2022,25,17.2,62,S,7.4,0.0/3h,3h,2,2,0.6,10
565,63680,14/07/2022 15:00,15:00:00,14,7,2022,24.6,15.6,57,SSE,7.4,0.0/3h,3h,2,2,0.6,10
575,63680,14/07/2022 12:00,12:00:00,14,7,2022,26.4,15.3,50,S,11.1,0.0/6h,6h,2,2,0.6,10
585,63680,14/07/2022 06:00,06:00:00,14,7,2022,23.4,17.4,69,SSE,11.1,0.0/24h,24h,2,2,0.3,6
595,63680,13/07/2022 12:00,12:00:00,13,7,2022,24.5,16.6,61,S,11.1,0.0/6h,6h,4,4,0.6,10
605,63680,13/07/2022 09:00,09:00:00,13,7,2022,24,16.5,63,NE,11.1,0.0/3h,3h,5,4,0.6,10
619,63680,13/07/2022 06:00,06:00:00,13,7,2022,21.6,15.9,70,S,11.1,0.0/24h,24h,7,4,0.3,6
625,63680,12/07/2022 15:00,15:00:00,12,7,2022,25,15.7,56,SSE,7.4,0.0/3h,3h,2,2,0.6,10
635,63680,12/07/2022 09:00,09:00:00,12,7,2022,26,16.3,55,E,11.1,0.0/3h,3h,2,2,0.6,9
645,63680,12/07/2022 06:00,06:00:00,12,7,2022,20.5,16.7,79,CAL,0,0.0/24h,24h,6,4,0.3,5
655,63680,11/07/2022 15:00,15:00:00,11,7,2022,24.8,15.5,56,SSE,7.4,0.0/3h,3h,2,2,0.6,10
665,63680,11/07/2022 12:00,12:00:00,11,7,2022,26.8,15.7,51,ESE,11.1,0.0/6h,6h,2,2,0.6,10
675,63680,11/07/2022 06:00,06:00:00,11,7,2022,23,16.7,68,S,11.1,0.0/24h,24h,2,2,0.3,6
685,63680,10/07/2022 12:00,12:00:00,10,7,2022,24.5,16.3,60,E,11.1,0.0/6h,6h,4,4,0.6,10
695,63680,10/07/2022 09:00,09:00:00,10,7,2022,25.4,16.6,58,S,11.1,0.0/3h,3h,4,4,0.6,8
705,63680,10/07/2022 06:00,06:00:00,10,7,2022,20.4,16.8,80,CAL,0,0.0/24h,24h,7,4,0.3,6
719,63680,09/07/2022 15:00,15:00:00,9,7,2022,24,15,57,S,7.4,0.0/3h,3h,2,2,0.6,10
725,63680,09/07/2022 12:00,12:00:00,9,7,2022,25,15.1,54,S,11.1,0.0/6h,6h,4,4,0.6,10
735,63680,09/07/2022 09:00,09:00:00,9,7,2022,25.5,15.8,55,SSE,7.4,0.0/3h,3h,4,4,0.6,8
745,63680,09/07/2022 06:00,06:00:00,9,7,2022,20.8,17.4,81,CAL,0,0.0/24h,24h,7,4,0.3,5
755,63680,08/07/2022 15:00,15:00:00,8,7,2022,24.5,16.6,61,S,7.4,0.0/3h,3h,2,2,0.6,10
765,63680,08/07/2022 12:00,12:00:00,8,7,2022,26.5,15.3,50,E,7.4,0.0/6h,6h,2,2,0.6,10
775,63680,08/07/2022 09:00,09:00:00,8,7,2022,24.8,15.8,57,SW,7.4,0.0/3h,3h,4,4,0.6,7
785,63680,08/07/2022 06:00,06:00:00,8,7,2022,20.6,16.7,78,CAL,0,5.0/24h,24h,2,2,0.3,5
795,63680,07/07/2022 15:00,15:00:00,7,7,2022,24,15,57,SSE,7.4,0.0/3h,3h,2,2,0.6,10
805,63680,07/07/2022 12:00,12:00:00,7,7,2022,26,15.8,53,SSE,7.4,0.0/6h,6h,4,4,0.6,9
819,63680,07/07/2022 09:00,09:00:00,7,7,2022,21.6,18,80,CAL,0,5.0/3h,3h,7,5,0.3,6
825,63680,07/07/2022 06:00,06:00:00,7,7,2022,20.5,16.8,79,CAL,0,0.0/24h,24h,2,2,0.3,5
835,63680,06/07/2022 15:00,15:00:00,6,7,2022,24.5,16.3,60,S,11.1,0.0/3h,3h,2,2,0.6,10
845,63680,06/07/2022 12:00,12:00:00,6,7,2022,25.5,16.5,57,S,11.1,0.0/6h,6h,5,5,0.6,10
855,63680,06/07/2022 09:00,09:00:00,6,7,2022,25,17.5,63,S,7.4,0.0/3h,3h,5,5,0.6,10
865,63680,06/07/2022 06:00,06:00:00,6,7,2022,21,16.5,75,CAL,0,0.0/24h,24h,2,2,0.3,5
875,63680,05/07/2022 15:00,15:00:00,5,7,2022,23.6,15.5,60,SSE,11.1,0.0/3h,3h,2,2,0.6,10
884,63680,05/07/2022 12:00,12:00:00,5,7,2022,24.6,15.3,56,ESE,11.1,0.0/6h,6h,4,4,0.6,10
894,63680,05/07/2022 09:00,09:00:00,5,7,2022,25,16,57,E,11.1,0.0/3h,3h,5,5,0.6,10
904,63680,05/07/2022 06:00,06:00:00,5,7,2022,20.4,16.8,80,CAL,0,0.0/24h,24h,2,2,0.3,6
913,63680,04/07/2022 09:00,09:00:00,4,7,2022,25,16,57,S,7.4,0.0/3h,3h,5,5,0.6,9
923,63680,04/07/2022 06:00,06:00:00,4,7,2022,20.5,16.8,79,CAL,0,0.0/24h,24h,2,2,0.3,5
933,63680,03/07/2022 12:00,12:00:00,3,7,2022,26,16.3,55,NE,13,0.0/6h,6h,2,2,0.6,10
942,63680,01/07/2022 12:00,12:00:00,1,7,2022,25.5,16.5,57,S,14.8,0.0/6h,6h,4,4,0.6,10
220,63680,30/06/2022 15:00,15:00:00,30,6,2022,24.4,16,59,S,7.4,0.0/3h,3h,2,2,0.6,10
320,63680,30/06/2022 12:00,12:00:00,30,6,2022,26.5,16.2,53,S,7.4,0.0/6h,6h,4,4,0.6,10
420,63680,30/06/2022 09:00,09:00:00,30,6,2022,25.2,16.5,59,SSE,11.1,0.0/3h,3h,4,4,0.6,8
520,63680,30/06/2022 06:00,06:00:00,30,6,2022,20,17,83,S,11.1,Tr/24h,24h,6,6,0.3,6
620,63680,29/06/2022 15:00,15:00:00,29,6,2022,24,15.9,61,SSE,7.4,0.0/3h,3h,2,2,0.6,10
720,63680,29/06/2022 12:00,12:00:00,29,6,2022,25.2,15.9,56,S,7.4,0.0/6h,6h,4,4,0.6,10
820,63680,29/06/2022 06:00,06:00:00,29,6,2022,20.4,18.3,88,S,5.6,2.0/24h,24h,7,5,0.3,6
914,63680,28/06/2022 12:00,12:00:00,28,6,2022,25.2,15.3,54,S,11.1,0.0/6h,6h,4,4,0.6,10
106,63680,28/06/2022 09:00,09:00:00,28,6,2022,25.5,15.8,55,S,7.4,0.0/3h,3h,4,4,0.6,10
116,63680,28/06/2022 06:00,06:00:00,28,6,2022,22.4,16.7,70,SE,7.4,0.0/24h,24h,7,4,0.3,8
126,63680,26/06/2022 12:00,12:00:00,26,6,2022,25.6,17.2,60,SE,7.4,0.0/6h,6h,5,5,0.6,10
136,63680,26/06/2022 09:00,09:00:00,26,6,2022,25.5,16.7,58,SSE,7.4,0.0/3h,3h,4,4,0.6,8
146,63680,25/06/2022 12:00,12:00:00,25,6,2022,21.2,17.9,81,CAL,0,6.0/6h,6h,7,5,0.3,9
156,63680,24/06/2022 15:00,15:00:00,24,6,2022,24,15.8,60,S,11.1,0.0/3h,3h,2,2,0.6,10
166,63680,24/06/2022 12:00,12:00:00,24,6,2022,25.5,16.7,58,SSE,7.4,0.0/6h,6h,2,2,0.6,10
176,63680,24/06/2022 09:00,09:00:00,24,6,2022,24.5,17,63,S,7.4,0.0/3h,3h,5,4,0.6,10
186,63680,24/06/2022 06:00,06:00:00,24,6,2022,20.8,18.4,86,CAL,0,9.0/24h,24h,7,4,0.3,6
196,63680,23/06/2022 15:00,15:00:00,23,6,2022,23.6,17.6,69,CAL,0,0.0/3h,3h,6,2,0.6,10
206,63680,23/06/2022 12:00,12:00:00,23,6,2022,25.2,17.1,61,S,11.1,0.0/6h,6h,4,4,0.6,10
2110,63680,23/06/2022 09:00,09:00:00,23,6,2022,24,16.5,63,S,11.1,0.0/3h,3h,4,4,0.6,9
226,63680,23/06/2022 06:00,06:00:00,23,6,2022,20,17,83,S,7.4,0.0/24h,24h,7,5,0.3,5
236,63680,22/06/2022 15:00,15:00:00,22,6,2022,24.8,16.4,60,SSE,3.7,0.0/3h,3h,4,4,0.6,10
246,63680,22/06/2022 12:00,12:00:00,22,6,2022,24.5,17,63,S,5.6,0.0/6h,6h,6,6,0.6,10
256,63680,21/06/2022 15:00,15:00:00,21,6,2022,23.6,17.6,69,SSE,7.4,0.0/3h,3h,6,6,0.6,10
266,63680,21/06/2022 09:00,09:00:00,21,6,2022,25.5,15.8,55,S,3.7,0.0/3h,3h,4,4,0.6,9
276,63680,21/06/2022 06:00,06:00:00,21,6,2022,20.5,17.5,83,CAL,0,0.0/24h,24h,2,2,0.3,7
286,63680,20/06/2022 09:00,09:00:00,20,6,2022,24,18,69,SSE,7.4,0.0/3h,3h,5,5,0.6,9
296,63680,20/06/2022 06:00,06:00:00,20,6,2022,20,17.8,87,CAL,0,0.0/24h,24h,6,6,0.3,7
306,63680,19/06/2022 12:00,12:00:00,19,6,2022,24,16.5,63,S,11.1,0.0/6h,6h,7,5,0.6,10
3110,63680,19/06/2022 09:00,09:00:00,19,6,2022,21,18,83,WSW,7.4,0.0/3h,3h,7,5,0.3,9
326,63680,19/06/2022 06:00,06:00:00,19,6,2022,18.5,18.5,100,SW,7.4,0.7/24h,24h,8,6,0.3,8
336,63680,18/06/2022 15:00,15:00:00,18,6,2022,25,16.9,61,SSE,7.4,0.0/3h,3h,2,2,0.6,10
346,63680,17/06/2022 15:00,15:00:00,17,6,2022,24.6,17.7,65,CAL,0,0.0/3h,3h,2,2,0.6,10
356,63680,17/06/2022 12:00,12:00:00,17,6,2022,26.5,18,60,S,3.7,0.0/6h,6h,4,4,0.6,10
366,63680,17/06/2022 09:00,09:00:00,17,6,2022,26.2,17.5,59,S,3.7,0.0/3h,3h,3,3,0.6,8
376,63680,17/06/2022 06:00,06:00:00,17,6,2022,20.8,19,89,CAL,0,20.0/24h,24h,7,4,0.3,4
386,63680,16/06/2022 15:00,15:00:00,16,6,2022,25,17.5,63,S,3.7,0.0/3h,3h,2,2,0.6,10
396,63680,16/06/2022 12:00,12:00:00,16,6,2022,25.4,18.5,66,SSE,7.4,20.0/6h,6h,4,4,0.6,10
406,63680,16/06/2022 09:00,09:00:00,16,6,2022,20,18.5,91,CAL,0,0.0/3h,3h,7,5,0.3,7
4110,63680,16/06/2022 06:00,06:00:00,16,6,2022,21.3,18.8,86,WNW,7.2,13.0/24h,24h,2,2,0.3,5
426,63680,15/06/2022 15:00,15:00:00,15,6,2022,24.2,19.4,75,S,3.7,NA,NA,6,4,0.6,10
436,63680,15/06/2022 12:00,12:00:00,15,6,2022,24.5,19.6,74,SW,5.6,0.0/6h,6h,5,5,0.6,10
446,63680,15/06/2022 06:00,06:00:00,15,6,2022,23.2,18.7,76,CAL,0,0.0/24h,24h,4,2,0.6,5
456,63680,13/06/2022 15:00,15:00:00,13,6,2022,23.6,17.6,69,S,7.4,0.0/3h,3h,6,4,0.6,10
466,63680,13/06/2022 12:00,12:00:00,13,6,2022,26.8,16,52,S,7.4,0.0/6h,6h,4,4,0.6,10
476,63680,13/06/2022 09:00,09:00:00,13,6,2022,25.2,18,64,SW,11.1,0.0/3h,3h,4,4,0.6,10
486,63680,13/06/2022 06:00,06:00:00,13,6,2022,22,17.5,76,CAL,0,0.0/24h,24h,6,2,0.3,8
496,63680,12/06/2022 12:00,12:00:00,12,6,2022,26.2,18.4,62,SSE,7.4,0.0/6h,6h,4,4,0.6,10
506,63680,12/06/2022 06:00,06:00:00,12,6,2022,23.4,18.3,73,CAL,0,0.0/24h,24h,2,2,0.3,5
5110,63680,11/06/2022 15:00,15:00:00,11,6,2022,25.2,17.7,63,SSE,7.4,0.0/3h,3h,4,4,0.6,10
526,63680,11/06/2022 12:00,12:00:00,11,6,2022,26.5,16.8,55,NE,7.4,0.0/6h,6h,4,4,0.6,10
536,63680,11/06/2022 09:00,09:00:00,11,6,2022,26,17.6,60,E,7.4,0.0/3h,3h,4,4,0.6,9
546,63680,11/06/2022 06:00,06:00:00,11,6,2022,20.5,18.3,87,CAL,0,0.0/24h,24h,7,4,0.3,5
556,63680,10/06/2022 15:00,15:00:00,10,6,2022,23.4,17.7,70,S,7.4,0.0/3h,3h,5,5,0.6,10
566,63680,10/06/2022 12:00,12:00:00,10,6,2022,26,16.3,55,CAL,0,0.0/6h,6h,4,4,0.6,10
576,63680,10/06/2022 09:00,09:00:00,10,6,2022,23.5,16.8,66,W,5.6,0.0/3h,3h,7,4,0.6,10
586,63680,10/06/2022 06:00,06:00:00,10,6,2022,19.8,18.3,91,S,7.2,0.5/24h,24h,7,5,0.3,6
596,63680,09/06/2022 15:00,15:00:00,9,6,2022,24.2,15.7,59,SSE,7.4,0.0/3h,3h,4,4,0.6,10
606,63680,09/06/2022 12:00,12:00:00,9,6,2022,26.8,16.3,53,S,3.7,0.0/6h,6h,4,4,0.6,10
6110,63680,09/06/2022 09:00,09:00:00,9,6,2022,24.5,15.5,57,CAL,0,0.0/3h,3h,7,4,0.6,9
626,63680,08/06/2022 12:00,12:00:00,8,6,2022,24,16.2,62,S,7.4,0.0/6h,6h,5,5,0.6,10
636,63680,08/06/2022 06:00,06:00:00,8,6,2022,19.5,17.9,90,E,7.4,0.6/24h,24h,7,5,0.3,7
646,63680,07/06/2022 12:00,12:00:00,7,6,2022,24.8,15.8,57,S,11.1,0.0/6h,6h,6,6,0.6,10
656,63680,07/06/2022 09:00,09:00:00,7,6,2022,26,16.7,57,S,7.4,0.0/3h,3h,4,4,0.6,10
666,63680,07/06/2022 06:00,06:00:00,7,6,2022,22,16.8,72,S,11.1,0.0/24h,24h,3,3,0.3,6
676,63680,06/06/2022 15:00,15:00:00,6,6,2022,25,16,57,S,3.7,0.0/3h,3h,2,2,0.6,10
686,63680,06/06/2022 12:00,12:00:00,6,6,2022,26,17,58,S,7.4,0.0/6h,6h,4,4,0.6,10
696,63680,06/06/2022 09:00,09:00:00,6,6,2022,25.2,17.7,63,S,3.7,0.0/3h,3h,5,5,0.6,10
706,63680,06/06/2022 06:00,06:00:00,6,6,2022,23.4,18.6,74,CAL,0,0.0/24h,24h,2,2,0.6,5
7110,63680,05/06/2022 15:00,15:00:00,5,6,2022,23.8,17.4,67,SSE,7.4,0.0/3h,3h,4,4,0.6,10
726,63680,05/06/2022 09:00,09:00:00,5,6,2022,24.6,18,67,SW,11.1,0.0/3h,3h,6,4,0.6,9
736,63680,05/06/2022 06:00,06:00:00,5,6,2022,23,18.5,76,CAL,0,0.0/24h,24h,2,2,0.6,6
746,63680,04/06/2022 12:00,12:00:00,4,6,2022,25.7,17.8,62,SSE,13,0.0/6h,6h,3,3,0.6,10
756,63680,04/06/2022 09:00,09:00:00,4,6,2022,25.2,16.7,59,S,9.3,0.0/3h,3h,4,4,0.6,10
766,63680,04/06/2022 06:00,06:00:00,4,6,2022,23.5,18.3,73,SSE,7.4,0.0/24h,24h,2,2,0.6,7
776,63680,02/06/2022 12:00,12:00:00,2,6,2022,25.5,17.6,62,S,7.4,0.0/6h,6h,4,4,0.6,10
786,63680,02/06/2022 06:00,06:00:00,2,6,2022,22.5,18.8,80,S,5.6,0.0/24h,24h,2,2,0.3,5
227,63680,29/05/2022 15:00,15:00:00,29,5,2022,23,17,69,SSE,3.7,0.0/3h,3h,7,4,0.6,10
327,63680,29/05/2022 12:00,12:00:00,29,5,2022,25,18.3,66,S,3.7,0.0/6h,6h,6,4,0.6,10
427,63680,29/05/2022 09:00,09:00:00,29,5,2022,24,17.7,68,CAL,0,0.0/3h,3h,4,4,0.6,10
527,63680,29/05/2022 06:00,06:00:00,29,5,2022,20.5,18.3,87,CAL,0,Tr/24h,24h,6,2,0.3,6
627,63680,28/05/2022 15:00,15:00:00,28,5,2022,22.5,18.8,80,CAL,0,Tr/3h,3h,7,5,0.3,9
727,63680,28/05/2022 12:00,12:00:00,28,5,2022,23.6,18.5,73,S,3.7,Tr/6h,6h,7,5,0.6,9
826,63680,28/05/2022 09:00,09:00:00,28,5,2022,24.6,17.7,65,SSE,7.4,0.0/3h,3h,2,2,0.6,10
915,63680,28/05/2022 06:00,06:00:00,28,5,2022,19.5,18.8,96,CAL,0,Tr/24h,24h,6,4,0.3,4
107,63680,27/05/2022 15:00,15:00:00,27,5,2022,21.5,18.5,83,SSE,3.7,0.0/3h,3h,7,4,0.3,10
117,63680,27/05/2022 12:00,12:00:00,27,5,2022,21,18.8,87,S,3.7,0.0/6h,6h,8,6,0.6,9
127,63680,27/05/2022 09:00,09:00:00,27,5,2022,25.7,18.4,64,SSE,5.6,0.0/3h,3h,4,4,0.6,8
137,63680,27/05/2022 06:00,06:00:00,27,5,2022,21,19.8,93,CAL,0,30.0/24h,24h,6,2,0.3,5
147,63680,26/05/2022 15:00,15:00:00,26,5,2022,20,19.3,96,CAL,0,30.0/3h,3h,7,4,0.3,8
157,63680,26/05/2022 12:00,12:00:00,26,5,2022,25.5,18.2,64,S,5.6,0.0/6h,6h,7,5,0.6,8
167,63680,25/05/2022 15:00,15:00:00,25,5,2022,18.6,17.7,95,CAL,0,33.0/3h,3h,8,5,0.3,10
177,63680,25/05/2022 09:00,09:00:00,25,5,2022,22,18.3,80,CAL,0,0.0/3h,3h,8,5,0.3,10
187,63680,24/05/2022 09:00,09:00:00,24,5,2022,25.4,18.8,67,CAL,0,0.0/3h,3h,6,4,0.6,9
197,63680,24/05/2022 06:00,06:00:00,24,5,2022,21.2,19.1,88,CAL,0,0.0/24h,24h,7,4,0.3,6
207,63680,23/05/2022 15:00,15:00:00,23,5,2022,25,18.3,66,CAL,0,0.0/3h,3h,7,2,0.6,10
2111,63680,23/05/2022 12:00,12:00:00,23,5,2022,26,17,58,SSE,7.4,0.0/6h,6h,4,4,0.6,10
228,63680,23/05/2022 09:00,09:00:00,23,5,2022,25.5,18,63,S,13,0.0/3h,3h,3,2,0.6,10
237,63680,21/05/2022 15:00,15:00:00,21,5,2022,25.4,18.8,67,CAL,0,0.0/3h,3h,6,2,0.6,10
247,63680,20/05/2022 15:00,15:00:00,20,5,2022,25,18.4,67,SSE,7.4,0.0/3h,3h,6,2,0.6,10
257,63680,20/05/2022 12:00,12:00:00,20,5,2022,28,16.8,51,SSE,7.4,0.0/6h,6h,4,4,0.6,10
267,63680,20/05/2022 09:00,09:00:00,20,5,2022,27.5,18.5,58,CAL,0,0.0/3h,3h,4,4,0.6,10
277,63680,20/05/2022 06:00,06:00:00,20,5,2022,23,17.8,73,CAL,0,0.0/24h,24h,4,2,0.3,6
287,63680,19/05/2022 15:00,15:00:00,19,5,2022,24.5,18.7,70,CAL,0,0.0/3h,3h,6,4,0.6,10
297,63680,19/05/2022 12:00,12:00:00,19,5,2022,26,18.5,63,SSW,7.4,0.0/6h,6h,7,5,0.6,10
307,63680,19/05/2022 09:00,09:00:00,19,5,2022,26.5,19,63,SSE,7.4,0.0/3h,3h,7,5,0.6,10
3111,63680,19/05/2022 06:00,06:00:00,19,5,2022,22.4,19.4,83,CAL,0,0.0/24h,24h,4,2,0.3,6
328,63680,18/05/2022 15:00,15:00:00,18,5,2022,24,18.8,73,CAL,0,0.0/3h,3h,7,4,0.6,10
337,63680,18/05/2022 12:00,12:00:00,18,5,2022,24,18.8,73,ESE,5.6,0.0/6h,6h,7,5,0.6,9
347,63680,18/05/2022 06:00,06:00:00,18,5,2022,21,19.2,89,CAL,0,4.0/24h,24h,6,4,0.3,6
357,63680,17/05/2022 15:00,15:00:00,17,5,2022,24,18.8,73,CAL,0,0.0/3h,3h,6,4,0.6,10
367,63680,17/05/2022 12:00,12:00:00,17,5,2022,25,19,69,SSE,7.4,3.0/6h,6h,4,4,0.6,10
377,63680,17/05/2022 09:00,09:00:00,17,5,2022,24.5,19,71,CAL,0,0.0/3h,3h,6,6,0.6,9
387,63680,17/05/2022 06:00,06:00:00,17,5,2022,21.4,19.3,88,CAL,0,17.0/24h,24h,6,4,0.3,5
397,63680,16/05/2022 15:00,15:00:00,16,5,2022,24.6,18.9,71,CAL,0,0.0/3h,3h,6,4,0.6,10
407,63680,16/05/2022 12:00,12:00:00,16,5,2022,22.5,19.5,83,CAL,0,17.0/6h,6h,7,5,0.3,9
4111,63680,16/05/2022 09:00,09:00:00,16,5,2022,27.8,17.6,54,SE,7.4,0.0/3h,3h,4,4,0.6,10
428,63680,16/05/2022 06:00,06:00:00,16,5,2022,22.8,19.2,80,CAL,0,0.0/24h,24h,6,2,0.3,6
437,63680,15/05/2022 12:00,12:00:00,15,5,2022,25.8,17.9,62,CAL,0,0.0/6h,6h,7,5,0.6,10
447,63680,15/05/2022 09:00,09:00:00,15,5,2022,24.5,20,76,S,3.7,0.0/3h,3h,7,4,0.6,10
457,63680,15/05/2022 06:00,06:00:00,15,5,2022,20.5,18.3,87,CAL,0,0.7/24h,24h,7,4,0.3,8
467,63680,14/05/2022 15:00,15:00:00,14,5,2022,27,18,58,S,7.4,0.0/3h,3h,2,2,0.6,10
477,63680,14/05/2022 12:00,12:00:00,14,5,2022,28,18.2,55,S,7.4,0.0/6h,6h,2,2,0.6,10
487,63680,14/05/2022 09:00,09:00:00,14,5,2022,26.5,19,63,SSE,7.4,0.0/3h,3h,4,4,0.6,9
497,63680,14/05/2022 06:00,06:00:00,14,5,2022,23.6,19,75,CAL,0,0.0/24h,24h,4,4,0.6,5
507,63680,13/05/2022 15:00,15:00:00,13,5,2022,26.4,17.6,58,CAL,0,0.0/3h,3h,6,2,0.6,10
5111,63680,12/05/2022 09:00,09:00:00,12,5,2022,27.2,17.6,56,S,7.4,0.0/3h,3h,2,2,0.6,10
528,63680,12/05/2022 06:00,06:00:00,12,5,2022,23.5,19,76,S,7.2,0.7/24h,24h,4,2,0.6,8
537,63680,11/05/2022 12:00,12:00:00,11,5,2022,25.5,17.3,60,S,7.4,0.0/6h,6h,5,2,0.6,10
547,63680,11/05/2022 09:00,09:00:00,11,5,2022,22.5,20,86,S,3.7,0.7/3h,3h,7,4,0.6,10
557,63680,10/05/2022 12:00,12:00:00,10,5,2022,27.5,19,60,S,7.4,0.0/6h,6h,2,2,0.6,10
567,63680,10/05/2022 06:00,06:00:00,10,5,2022,23.2,19,77,CAL,0,Tr/24h,24h,2,2,0.3,5
577,63680,09/05/2022 06:00,06:00:00,9,5,2022,19,18.4,96,CAL,0,30.0/24h,24h,8,6,0.3,8
587,63680,08/05/2022 15:00,15:00:00,8,5,2022,23.5,18.3,73,CAL,0,0.0/3h,3h,7,4,0.6,10
597,63680,08/05/2022 12:00,12:00:00,8,5,2022,19.6,17.8,89,CAL,0,2.0/6h,6h,7,5,0.3,10
607,63680,08/05/2022 09:00,09:00:00,8,5,2022,26,19.3,67,SSE,7.4,0.0/3h,3h,5,5,0.6,10
6111,63680,08/05/2022 06:00,06:00:00,8,5,2022,23.4,19.2,77,CAL,0,3.0/24h,24h,6,2,0.3,8
628,63680,07/05/2022 12:00,12:00:00,7,5,2022,25.5,18.2,64,SSE,3.7,0.0/6h,6h,7,4,0.6,10
637,63680,07/05/2022 09:00,09:00:00,7,5,2022,23.4,18.3,73,CAL,0,3.0/3h,3h,7,4,0.3,10
647,63680,07/05/2022 06:00,06:00:00,7,5,2022,19.2,18.9,98,CAL,0,14.0/24h,24h,8,6,0.3,6
657,63680,06/05/2022 15:00,15:00:00,6,5,2022,24.2,18.6,71,S,7.4,0.0/3h,3h,6,4,0.6,10
667,63680,06/05/2022 12:00,12:00:00,6,5,2022,25,18.7,68,S,11.1,0.0/6h,6h,5,5,0.6,10
677,63680,05/05/2022 15:00,15:00:00,5,5,2022,26.4,18.3,61,SSE,7.4,0.0/3h,3h,2,2,0.6,10
687,63680,05/05/2022 12:00,12:00:00,5,5,2022,27.4,19,60,S,7.4,0.0/6h,6h,4,4,0.6,10
697,63680,03/05/2022 12:00,12:00:00,3,5,2022,27,16.5,53,S,7.4,0.0/6h,6h,4,4,0.6,20
707,63680,03/05/2022 09:00,09:00:00,3,5,2022,26,17,58,SW,9.3,0.0/3h,3h,4,2,0.6,10
7111,63680,03/05/2022 06:00,06:00:00,3,5,2022,22,17.5,76,SSE,7.4,0.0/24h,24h,4,2,0.3,10
728,63680,02/05/2022 15:00,15:00:00,2,5,2022,24,18.3,70,E,3.7,0.0/3h,3h,4,4,0.6,20
737,63680,02/05/2022 06:00,06:00:00,2,5,2022,20,17.8,87,CAL,0,25.0/24h,24h,7,5,0.3,9
747,63680,01/05/2022 15:00,15:00:00,1,5,2022,25,17.5,63,CAL,0,0.0/3h,3h,6,2,0.6,20
757,63680,01/05/2022 09:00,09:00:00,1,5,2022,25.5,17.3,60,S,7.4,0.0/3h,3h,4,4,0.6,10
767,63680,01/05/2022 06:00,06:00:00,1,5,2022,21.2,17.6,80,SSE,7.4,0.0/24h,24h,7,5,0.3,10
229,63680,30/04/2022 15:00,15:00:00,30,4,2022,24.6,18.3,68,S,7.4,0.0/3h,3h,5,5,0.6,10
329,63680,30/04/2022 06:00,06:00:00,30,4,2022,21,18,83,CAL,0,0.6/24h,24h,4,2,0.3,8
429,63680,28/04/2022 06:00,06:00:00,28,4,2022,22,18.7,82,E,14.4,5.0/24h,24h,4,4,0.3,9
529,63680,27/04/2022 15:00,15:00:00,27,4,2022,25.6,18,63,CAL,0,0.0/3h,3h,6,3,0.6,10
629,63680,27/04/2022 12:00,12:00:00,27,4,2022,26.5,17.5,58,WNW,3.7,0.0/6h,6h,4,4,0.6,10
729,63680,27/04/2022 09:00,09:00:00,27,4,2022,24,17.3,66,W,5.6,0.0/3h,3h,3,3,0.6,10
827,63680,27/04/2022 06:00,06:00:00,27,4,2022,19.6,18,90,WNW,5.6,3.0/24h,24h,7,5,0.3,8
916,63680,26/04/2022 12:00,12:00:00,26,4,2022,26,18.5,63,CAL,0,0.0/6h,6h,5,5,0.6,10
108,63680,26/04/2022 09:00,09:00:00,26,4,2022,25,19,69,S,3.7,0.0/3h,3h,6,6,0.6,9
118,63680,26/04/2022 06:00,06:00:00,26,4,2022,20,18.8,93,CAL,0,6.0/24h,24h,8,6,0.3,6
128,63680,25/04/2022 12:00,12:00:00,25,4,2022,21,18.8,87,N,3.7,2.0/6h,6h,8,5,0.3,10
138,63680,25/04/2022 09:00,09:00:00,25,4,2022,19.2,18.9,98,S,11.1,29.0/3h,3h,8,6,0.3,8
148,63680,25/04/2022 06:00,06:00:00,25,4,2022,20,18.5,91,E,3.7,30.0/24h,24h,8,6,0.3,6
158,63680,24/04/2022 15:00,15:00:00,24,4,2022,25,17.8,64,SSE,3.7,0.0/3h,3h,6,2,0.6,10
168,63680,24/04/2022 12:00,12:00:00,24,4,2022,23.6,18.2,72,S,3.7,0.4/6h,6h,6,4,0.6,10
178,63680,24/04/2022 09:00,09:00:00,24,4,2022,19,19,100,CAL,0,29.0/3h,3h,8,6,0.3,9
188,63680,24/04/2022 06:00,06:00:00,24,4,2022,20,18.5,91,W,3.7,Tr/24h,24h,8,6,0.3,7
198,63680,23/04/2022 12:00,12:00:00,23,4,2022,27.6,18.3,57,S,3.7,0.0/6h,6h,4,4,0.6,10
208,63680,23/04/2022 09:00,09:00:00,23,4,2022,26.2,16.9,57,ENE,3.7,0.0/3h,3h,5,5,0.6,10
2112,63680,23/04/2022 06:00,06:00:00,23,4,2022,23,18.5,76,CAL,0,Tr/24h,24h,6,2,0.3,6
2210,63680,22/04/2022 15:00,15:00:00,22,4,2022,25,18.3,66,S,7.4,0.0/3h,3h,7,4,0.6,10
238,63680,21/04/2022 12:00,12:00:00,21,4,2022,23.6,18.2,72,WNW,7.4,0.0/6h,6h,7,5,0.6,10
248,63680,21/04/2022 06:00,06:00:00,21,4,2022,18,18,100,CAL,0,32.0/24h,24h,8,6,0.3,6
258,63680,20/04/2022 15:00,15:00:00,20,4,2022,24.4,18.6,70,S,7.4,0.0/3h,3h,7,4,0.6,10
268,63680,20/04/2022 12:00,12:00:00,20,4,2022,24.5,17.8,66,S,5.6,0.0/6h,6h,6,6,0.6,10
278,63680,19/04/2022 15:00,15:00:00,19,4,2022,26,18.2,62,SSE,7.4,0.0/3h,3h,2,2,0.6,20
288,63680,19/04/2022 12:00,12:00:00,19,4,2022,27.4,18.6,59,S,7.4,0.0/6h,6h,4,4,0.6,10
298,63680,19/04/2022 09:00,09:00:00,19,4,2022,26.4,18.3,61,E,7.4,0.0/3h,3h,4,4,0.6,10
308,63680,19/04/2022 06:00,06:00:00,19,4,2022,22,19.3,85,CAL,0,0.8/24h,24h,7,4,0.3,8
3112,63680,18/04/2022 15:00,15:00:00,18,4,2022,26,18.5,63,S,3.7,0.0/3h,3h,6,4,0.6,10
3210,63680,17/04/2022 15:00,15:00:00,17,4,2022,25.4,18.8,67,S,3.7,0.0/3h,3h,7,4,0.6,10
338,63680,17/04/2022 12:00,12:00:00,17,4,2022,24.6,17.7,65,SSE,7.4,0.0/6h,6h,7,5,0.6,10
348,63680,17/04/2022 09:00,09:00:00,17,4,2022,25.2,18.2,65,S,7.4,0.0/3h,3h,6,6,0.6,10
358,63680,17/04/2022 06:00,06:00:00,17,4,2022,21.2,18.5,85,CAL,0,0.3/24h,24h,6,2,0.3,6
368,63680,16/04/2022 15:00,15:00:00,16,4,2022,22,18.3,80,NW,7.4,0.0/3h,3h,7,5,0.6,10
378,63680,16/04/2022 12:00,12:00:00,16,4,2022,21.8,17.6,77,WNW,7.4,0.0/6h,6h,8,5,0.6,10
388,63680,16/04/2022 09:00,09:00:00,16,4,2022,19.5,17.9,90,NW,7.4,0.3/3h,3h,8,6,0.3,9
398,63680,15/04/2022 15:00,15:00:00,15,4,2022,24,17.7,68,CAL,0,0.0/3h,3h,7,4,0.6,10
408,63680,15/04/2022 12:00,12:00:00,15,4,2022,24.5,17.8,66,S,7.4,0.0/6h,6h,6,4,0.6,10
4112,63680,15/04/2022 09:00,09:00:00,15,4,2022,22.6,18.7,79,W,7.4,0.1/3h,3h,7,4,0.3,10
4210,63680,15/04/2022 06:00,06:00:00,15,4,2022,19,18.1,95,SW,3.7,24.0/24h,24h,8,6,0.3,8
438,63680,14/04/2022 15:00,15:00:00,14,4,2022,22.4,18.2,77,SSE,7.4,0.0/3h,3h,7,4,0.6,10
448,63680,14/04/2022 12:00,12:00:00,14,4,2022,20,18.5,91,S,3.7,22.0/6h,6h,7,5,0.3,9
458,63680,14/04/2022 09:00,09:00:00,14,4,2022,28,17.5,53,ESE,7.4,0.0/3h,3h,4,4,0.6,10
468,63680,13/04/2022 15:00,15:00:00,13,4,2022,26,18.5,63,CAL,0,0.0/3h,3h,7,4,0.6,10
478,63680,13/04/2022 12:00,12:00:00,13,4,2022,26.5,16.8,55,S,3.7,0.0/6h,6h,7,5,0.6,10
488,63680,13/04/2022 09:00,09:00:00,13,4,2022,23.4,17.6,70,WNW,3.7,0.0/3h,3h,7,4,0.3,10
498,63680,13/04/2022 06:00,06:00:00,13,4,2022,22,17.8,77,E,7.4,0.0/24h,24h,7,4,0.3,8
508,63680,11/04/2022 06:00,06:00:00,11,4,2022,20.5,18.3,87,CAL,0,9.0/24h,24h,6,4,0.3,8
5112,63680,10/04/2022 06:00,06:00:00,10,4,2022,24.4,17.8,67,CAL,0,0.0/24h,24h,2,2,0.6,8
5210,63680,08/04/2022 12:00,12:00:00,8,4,2022,29,17,48,NE,7.4,0.0/6h,6h,4,2,0.6,10
538,63680,08/04/2022 09:00,09:00:00,8,4,2022,25,18.3,66,SSE,7.4,0.0/3h,3h,6,4,0.6,9
548,63680,08/04/2022 06:00,06:00:00,8,4,2022,21,17.4,80,CAL,0,0.0/24h,24h,7,5,0.3,6
558,63680,07/04/2022 12:00,12:00:00,7,4,2022,26.3,16.9,56,E,5.6,0.0/6h,6h,3,3,0.6,9
568,63680,07/04/2022 06:00,06:00:00,7,4,2022,20.8,17.5,81,CAL,0,8.0/24h,24h,7,4,0.3,6
578,63680,06/04/2022 15:00,15:00:00,6,4,2022,25.6,18.4,64,CAL,0,0.0/3h,3h,6,2,0.6,10
588,63680,06/04/2022 09:00,09:00:00,6,4,2022,27.4,17.8,56,SSE,7.4,0.0/3h,3h,2,2,0.6,10
598,63680,06/04/2022 06:00,06:00:00,6,4,2022,24.2,19.4,75,S,7.2,0.0/24h,24h,2,2,0.6,7
608,63680,05/04/2022 15:00,15:00:00,5,4,2022,26.8,17.4,56,SSE,7.4,0.0/3h,3h,2,2,0.6,10
6112,63680,05/04/2022 12:00,12:00:00,5,4,2022,27.3,15.6,49,S,7.4,0.0/6h,6h,4,4,0.6,10
6210,63680,05/04/2022 09:00,09:00:00,5,4,2022,24.8,19.1,71,S,7.4,0.0/3h,3h,6,6,0.6,10
638,63680,05/04/2022 06:00,06:00:00,5,4,2022,24.4,19.3,73,CAL,0,0.0/24h,24h,2,2,0.6,5
648,63680,04/04/2022 15:00,15:00:00,4,4,2022,27,16.5,53,S,3.7,0.0/3h,3h,2,2,0.6,10
658,63680,04/04/2022 09:00,09:00:00,4,4,2022,28,16,48,S,5.6,0.0/3h,3h,4,4,0.6,10
668,63680,04/04/2022 06:00,06:00:00,4,4,2022,24,18,69,CAL,0,Tr/24h,24h,2,2,0.6,5
678,63680,03/04/2022 15:00,15:00:00,3,4,2022,27,16.5,53,S,3.7,0.0/3h,3h,2,2,0.6,10
688,63680,03/04/2022 12:00,12:00:00,3,4,2022,29,16.3,46,S,11.1,0.0/6h,6h,2,2,0.6,10
698,63680,03/04/2022 09:00,09:00:00,3,4,2022,27.8,15.5,47,SSE,11.1,0.0/3h,3h,2,2,0.6,10
708,63680,03/04/2022 06:00,06:00:00,3,4,2022,NA,18.7,NA,NNE,77.8,0.0/24h,24h,1,2,0.6,8
7112,63680,02/04/2022 15:00,15:00:00,2,4,2022,27.4,17.2,54,SSE,7.4,0.0/3h,3h,2,2,0.6,10
7210,63680,02/04/2022 12:00,12:00:00,2,4,2022,29.2,16.9,47,S,7.4,0.0/6h,6h,2,2,0.6,10
738,63680,02/04/2022 09:00,09:00:00,2,4,2022,28,16,48,ESE,11.1,0.0/3h,3h,2,2,0.6,10
748,63680,02/04/2022 06:00,06:00:00,2,4,2022,24.4,19.3,73,SSE,7.4,Tr/24h,24h,2,2,0.6,7
758,63680,01/04/2022 15:00,15:00:00,1,4,2022,24.4,18.4,69,SSE,7.4,0.0/3h,3h,7,5,0.6,9
230,63680,31/03/2022 09:00,09:00:00,31,3,2022,26.5,17.5,58,SSE,14.8,0.0/3h,3h,4,4,0.6,10
330,63680,31/03/2022 06:00,06:00:00,31,3,2022,23,18.5,76,E,7.4,0.0/24h,24h,6,2,0.3,6
430,63680,30/03/2022 12:00,12:00:00,30,3,2022,26.5,17.7,58,S,7.4,0.0/6h,6h,6,4,0.6,10
530,63680,30/03/2022 09:00,09:00:00,30,3,2022,23,17.8,73,CAL,0,0.0/3h,3h,7,4,0.3,9
630,63680,30/03/2022 06:00,06:00:00,30,3,2022,19.4,18.5,95,CAL,0,25.0/24h,24h,8,5,0.3,6
730,63680,29/03/2022 12:00,12:00:00,29,3,2022,26,19.3,67,NW,7.4,0.0/6h,6h,6,6,0.6,8
828,63680,29/03/2022 09:00,09:00:00,29,3,2022,24.8,18.8,69,CAL,0,0.0/3h,3h,7,4,0.6,6
917,63680,29/03/2022 06:00,06:00:00,29,3,2022,21,18.8,87,CAL,0,3.0/24h,24h,8,6,0.3,5
109,63680,28/03/2022 12:00,12:00:00,28,3,2022,29,17,48,S,7.4,0.0/6h,6h,5,5,0.6,10
119,63680,28/03/2022 09:00,09:00:00,28,3,2022,27.5,17.8,55,S,7.4,0.0/3h,3h,6,4,0.6,10
129,63680,28/03/2022 06:00,06:00:00,28,3,2022,22.4,19.4,83,CAL,0,0.0/24h,24h,7,4,0.3,6
139,63680,27/03/2022 15:00,15:00:00,27,3,2022,26.4,17.4,58,S,3.7,0.0/3h,3h,6,2,0.6,10
149,63680,27/03/2022 12:00,12:00:00,27,3,2022,27.4,16.9,53,SSE,7.4,0.0/6h,6h,6,4,0.6,10
159,63680,27/03/2022 09:00,09:00:00,27,3,2022,26,18.5,63,S,11.1,0.0/3h,3h,6,4,0.6,10
169,63680,27/03/2022 06:00,06:00:00,27,3,2022,20.6,18.2,86,CAL,0,5.0/24h,24h,7,4,0.3,8
179,63680,26/03/2022 15:00,15:00:00,26,3,2022,25.8,18.3,63,S,7.4,0.0/3h,3h,5,2,0.6,10
189,63680,26/03/2022 12:00,12:00:00,26,3,2022,27.5,17.8,55,SSE,7.4,0.0/6h,6h,4,4,0.6,10
199,63680,26/03/2022 09:00,09:00:00,26,3,2022,26.5,17.5,58,S,11.1,0.0/3h,3h,4,4,0.6,10
209,63680,26/03/2022 06:00,06:00:00,26,3,2022,22.4,18.2,77,SW,7.4,0.0/24h,24h,5,2,0.3,5
2113,63680,25/03/2022 15:00,15:00:00,25,3,2022,27.2,18.2,58,S,7.4,0.0/3h,3h,2,2,0.6,10
2211,63680,25/03/2022 12:00,12:00:00,25,3,2022,27.5,16.6,51,S,11.1,0.0/6h,6h,6,4,0.6,10
239,63680,25/03/2022 09:00,09:00:00,25,3,2022,27,18,58,S,7.4,0.0/3h,3h,4,4,0.6,10
249,63680,25/03/2022 06:00,06:00:00,25,3,2022,23.2,18.4,74,S,7.4,0.0/24h,24h,2,2,0.6,6
259,63680,24/03/2022 12:00,12:00:00,24,3,2022,28,16,48,W,7.4,0.0/6h,6h,5,2,0.6,10
269,63680,24/03/2022 09:00,09:00:00,24,3,2022,25.5,18.5,65,SW,11.1,0.0/3h,3h,6,4,0.6,9
279,63680,24/03/2022 06:00,06:00:00,24,3,2022,22,18.3,80,CAL,0,0.0/24h,24h,6,2,0.3,4
289,63680,23/03/2022 12:00,12:00:00,23,3,2022,27.4,17.8,56,S,11.1,0.0/6h,6h,4,4,0.6,10
299,63680,23/03/2022 09:00,09:00:00,23,3,2022,26.2,16.9,57,S,11.1,0.0/3h,3h,6,3,0.6,8
309,63680,21/03/2022 12:00,12:00:00,21,3,2022,27,18,58,SSE,14.8,0.0/6h,6h,5,5,0.6,10
3113,63680,21/03/2022 09:00,09:00:00,21,3,2022,27.5,19.3,61,S,11.1,0.0/3h,3h,4,4,0.6,8
3211,63680,20/03/2022 09:00,09:00:00,20,3,2022,26.2,19,65,S,11.1,0.0/3h,3h,5,5,0.6,8
339,63680,20/03/2022 06:00,06:00:00,20,3,2022,21.5,19.3,87,CAL,0,0.0/24h,24h,7,4,0.3,4
349,63680,19/03/2022 15:00,15:00:00,19,3,2022,26.4,18.3,61,S,7.4,0.0/3h,3h,2,2,0.6,10
359,63680,19/03/2022 09:00,09:00:00,19,3,2022,26.4,17.6,58,SSE,14.8,0.0/3h,3h,4,4,0.6,7
369,63680,18/03/2022 15:00,15:00:00,18,3,2022,23.4,17.6,70,S,11.1,0.0/3h,3h,7,4,0.6,8
379,63680,18/03/2022 09:00,09:00:00,18,3,2022,25.6,17.5,61,SSE,14.8,0.0/3h,3h,6,4,0.6,5
389,63680,18/03/2022 06:00,06:00:00,18,3,2022,22.5,18,76,S,7.4,0.0/24h,24h,7,2,0.3,4
399,63680,17/03/2022 12:00,12:00:00,17,3,2022,26.4,13.2,44,CAL,0,0.0/6h,6h,7,4,0.6,5
409,63680,17/03/2022 06:00,06:00:00,17,3,2022,21.6,17.7,78,CAL,0,0.0/24h,24h,8,5,0.3,4
4113,63680,16/03/2022 12:00,12:00:00,16,3,2022,28.8,15.9,46,CAL,0,0.0/6h,6h,6,2,0.6,9
4211,63680,16/03/2022 09:00,09:00:00,16,3,2022,27.5,15.5,48,WNW,13,0.0/3h,3h,6,2,0.6,7
439,63680,15/03/2022 15:00,15:00:00,15,3,2022,26,17.8,61,CAL,0,0.0/3h,3h,6,4,0.6,9
449,63680,15/03/2022 12:00,12:00:00,15,3,2022,26.4,18.3,61,S,7.4,0.0/6h,6h,6,6,0.6,7
459,63680,15/03/2022 09:00,09:00:00,15,3,2022,NA,18.3,NA,NNE,148.3,0.0/3h,3h,1,4,0.6,6
469,63680,14/03/2022 06:00,06:00:00,14,3,2022,19,17.5,91,SSE,7.4,39.0/24h,24h,8,4,0.3,8
479,63680,13/03/2022 15:00,15:00:00,13,3,2022,25.5,18.8,66,SSE,7.4,0.0/3h,3h,6,4,0.6,7
489,63680,13/03/2022 12:00,12:00:00,13,3,2022,29,17,48,S,11.1,0.0/6h,6h,4,4,0.6,6
499,63680,13/03/2022 06:00,06:00:00,13,3,2022,21.5,17.8,79,W,14.4,5.0/24h,24h,6,2,0.6,5
509,63680,12/03/2022 12:00,12:00:00,12,3,2022,29.5,16,44,W,3.7,0.0/6h,6h,5,5,0.6,10
5113,63680,12/03/2022 09:00,09:00:00,12,3,2022,26.5,19,63,S,3.7,0.0/3h,3h,2,2,0.6,10
5211,63680,12/03/2022 06:00,06:00:00,12,3,2022,22.6,19,80,CAL,0,0.0/24h,24h,6,2,0.6,5
539,63680,11/03/2022 09:00,09:00:00,11,3,2022,28,19,58,S,11.1,0.0/3h,3h,4,4,0.6,9
549,63680,11/03/2022 06:00,06:00:00,11,3,2022,22,19.3,85,CAL,0,0.3/24h,24h,5,2,0.6,4
559,63680,10/03/2022 15:00,15:00:00,10,3,2022,26.4,18.6,62,CAL,0,0.0/3h,3h,6,2,0.6,10
569,63680,10/03/2022 06:00,06:00:00,10,3,2022,22,17.5,76,CAL,0,11.0/24h,24h,6,2,0.6,5
579,63680,09/03/2022 12:00,12:00:00,9,3,2022,20,18.5,91,CAL,0,11.0/6h,6h,7,5,0.3,8
589,63680,09/03/2022 09:00,09:00:00,9,3,2022,26.5,19,63,S,7.4,0.0/3h,3h,6,5,0.6,7
599,63680,09/03/2022 06:00,06:00:00,9,3,2022,22,19,83,CAL,0,0.0/24h,24h,6,2,0.6,4
609,63680,08/03/2022 12:00,12:00:00,8,3,2022,28,18.3,56,SSE,14.8,0.0/6h,6h,4,4,0.6,10
6113,63680,08/03/2022 09:00,09:00:00,8,3,2022,28,18.7,57,S,7.4,0.0/3h,3h,4,4,0.6,10
6211,63680,07/03/2022 06:00,06:00:00,7,3,2022,22.4,18.8,80,CAL,0,0.0/24h,24h,2,2,0.3,4
639,63680,06/03/2022 15:00,15:00:00,6,3,2022,27,18,58,S,7.4,0.0/3h,3h,2,2,0.6,10
649,63680,06/03/2022 12:00,12:00:00,6,3,2022,29.4,18.3,51,SSE,7.4,0.0/6h,6h,4,4,0.6,10
659,63680,06/03/2022 09:00,09:00:00,6,3,2022,28.6,18,53,S,11.1,0.0/3h,3h,4,4,0.6,9
669,63680,05/03/2022 15:00,15:00:00,5,3,2022,28.5,17,50,S,3.7,0.0/3h,3h,2,2,0.6,10
679,63680,05/03/2022 12:00,12:00:00,5,3,2022,31,14.5,37,CAL,0,0.0/6h,6h,2,2,0.6,10
689,63680,05/03/2022 09:00,09:00:00,5,3,2022,28.5,17.3,51,S,3.7,0.0/3h,3h,2,2,0.6,8
699,63680,05/03/2022 06:00,06:00:00,5,3,2022,22,19,83,CAL,0,0.0/24h,24h,4,0,2.5,4
709,63680,04/03/2022 12:00,12:00:00,4,3,2022,27.5,17,53,E,7.4,0.0/6h,6h,4,4,0.6,10
7113,63680,04/03/2022 09:00,09:00:00,4,3,2022,28,16.8,51,E,7.4,0.0/3h,3h,2,2,0.6,10
7211,63680,04/03/2022 06:00,06:00:00,4,3,2022,23.4,18.6,74,S,3.7,0.0/24h,24h,2,2,0.6,6
739,63680,03/03/2022 15:00,15:00:00,3,3,2022,26.4,18.3,61,SSE,7.4,0.0/3h,3h,2,2,0.6,10
749,63680,03/03/2022 09:00,09:00:00,3,3,2022,25,18.3,66,S,7.4,0.0/3h,3h,4,4,0.6,10
759,63680,03/03/2022 06:00,06:00:00,3,3,2022,27,18,58,SSE,11.1,0.0/24h,24h,4,4,0.6,10
768,63680,02/03/2022 12:00,12:00:00,2,3,2022,28.4,17.9,53,SSE,9.3,0.0/6h,6h,4,4,0.6,10
777,63680,02/03/2022 09:00,09:00:00,2,3,2022,26,18.5,63,S,9.3,0.0/3h,3h,4,4,0.6,8
787,63680,02/03/2022 06:00,06:00:00,2,3,2022,28.4,17.9,53,SSE,9.3,0.0/24h,24h,4,4,0.6,10
796,63680,01/03/2022 12:00,12:00:00,1,3,2022,28,17.5,53,SSE,7.4,0.0/6h,6h,4,4,0.6,10
806,63680,01/03/2022 09:00,09:00:00,1,3,2022,27.4,18.4,58,SW,7.4,0.0/3h,3h,4,4,0.6,9
8110,63680,01/03/2022 06:00,06:00:00,1,3,2022,22.4,18.8,80,CAL,0,0.2/24h,24h,4,2,0.3,5
240,63680,28/02/2022 12:00,12:00:00,28,2,2022,25,18.7,68,SSE,7.4,0.0/6h,6h,7,5,0.6,9
340,63680,28/02/2022 09:00,09:00:00,28,2,2022,25.5,18.2,64,S,7.4,0.0/3h,3h,6,2,0.6,7
440,63680,28/02/2022 06:00,06:00:00,28,2,2022,20.6,19.4,93,WNW,7.4,0.0/24h,24h,7,2,0.3,5
540,63680,27/02/2022 15:00,15:00:00,27,2,2022,26.2,18.4,62,SSE,7.4,0.0/3h,3h,4,2,0.6,20
640,63680,27/02/2022 09:00,09:00:00,27,2,2022,27,18,58,NE,5.6,0.0/3h,3h,5,5,0.6,10
740,63680,27/02/2022 06:00,06:00:00,27,2,2022,26.2,18.4,62,SSE,7.4,0.0/24h,24h,4,2,0.6,20
829,63680,26/02/2022 12:00,12:00:00,26,2,2022,27,16.8,54,SSE,14.8,0.0/6h,6h,2,2,0.6,10
918,63680,26/02/2022 09:00,09:00:00,26,2,2022,26,15.5,52,SSE,7.4,0.0/3h,3h,2,2,0.6,9
1010,63680,25/02/2022 12:00,12:00:00,25,2,2022,24,19.2,75,S,11.1,2.0/24h,24h,7,5,0.3,9
1110,63680,25/02/2022 06:00,06:00:00,25,2,2022,18.5,17.8,96,CAL,0,1.0/3h,3h,7,5,0.3,9
1210,63680,24/02/2022 15:00,15:00:00,24,2,2022,17.5,16.8,96,CAL,0,24.0/3h,3h,8,6,0.3,7
1310,63680,24/02/2022 12:00,12:00:00,24,2,2022,26,18.5,63,S,7.4,0.0/6h,6h,7,5,0.6,9
1410,63680,24/02/2022 09:00,09:00:00,24,2,2022,25.2,19,69,SSE,7.4,0.0/3h,3h,7,3,0.6,6
1510,63680,23/02/2022 15:00,15:00:00,23,2,2022,27.5,15.4,48,CAL,0,0.0/3h,3h,7,2,0.6,7
1610,63680,22/02/2022 12:00,12:00:00,22,2,2022,27.5,14.2,44,CAL,0,0.0/6h,6h,7,2,0.6,6
1710,63680,22/02/2022 09:00,09:00:00,22,2,2022,24.5,14.8,55,CAL,0,0.0/3h,3h,7,4,0.6,5
1810,63680,22/02/2022 06:00,06:00:00,22,2,2022,19.6,18.4,93,CAL,0,0.0/24h,24h,8,5,0.3,3
1910,63680,21/02/2022 15:00,15:00:00,21,2,2022,24,17.7,68,CAL,0,0.0/3h,3h,7,2,0.6,10
2010,63680,21/02/2022 12:00,12:00:00,21,2,2022,NA,NA,NA,SSE,5.6,0.0/6h,6h,7,4,0.6,10
2114,63680,21/02/2022 09:00,09:00:00,21,2,2022,25,16.8,60,SSE,3.7,0.0/3h,3h,6,4,0.6,10
2212,63680,20/02/2022 15:00,15:00:00,20,2,2022,24.2,19.4,75,SSE,7.4,0.0/3h,3h,6,2,0.6,10
2310,63680,20/02/2022 12:00,12:00:00,20,2,2022,22.5,19.4,83,CAL,0,0.0/6h,6h,8,6,0.3,8
2410,63680,20/02/2022 09:00,09:00:00,20,2,2022,24.6,18,67,WNW,7.4,0.0/3h,3h,6,6,0.6,8
2510,63680,19/02/2022 12:00,12:00:00,19,2,2022,24.4,19,72,CAL,0,0.0/6h,6h,7,5,0.6,9
2610,63680,18/02/2022 06:00,06:00:00,18,2,2022,19.5,17.6,89,S,7.4,0.2/24h,24h,8,5,0.3,6
2710,63680,17/02/2022 12:00,12:00:00,17,2,2022,27.4,18.1,57,S,7.4,0.0/6h,6h,4,4,0.6,10
2810,63680,17/02/2022 09:00,09:00:00,17,2,2022,NA,18.5,NA,NNE,111.2,0.0/3h,3h,1,5,0.6,9
2910,63680,17/02/2022 06:00,06:00:00,17,2,2022,NA,18.5,NA,NNE,111.2,0.0/24h,24h,1,5,0.6,9
3010,63680,16/02/2022 06:00,06:00:00,16,2,2022,20.8,19,89,CAL,0,5.0/24h,24h,7,4,0.3,4
3114,63680,15/02/2022 09:00,09:00:00,15,2,2022,26.5,18.3,61,SSE,11.1,0.0/3h,3h,4,4,0.6,8
3212,63680,15/02/2022 06:00,06:00:00,15,2,2022,22,19,83,CAL,0,0.0/24h,24h,6,2,0.3,6
3310,63680,14/02/2022 12:00,12:00:00,14,2,2022,24.5,18.7,70,S,11.1,0.0/6h,6h,7,5,0.6,10
3410,63680,14/02/2022 09:00,09:00:00,14,2,2022,26.5,18.3,61,WSW,7.4,0.0/3h,3h,6,2,0.6,8
3510,63680,14/02/2022 06:00,06:00:00,14,2,2022,22,19.3,85,W,3.7,0.0/24h,24h,6,0,2.5,4
3610,63680,13/02/2022 15:00,15:00:00,13,2,2022,26.4,17.7,59,CAL,0,0.0/3h,3h,6,2,0.6,10
3710,63680,13/02/2022 12:00,12:00:00,13,2,2022,27.2,17,54,S,7.4,0.0/6h,6h,5,5,0.6,10
3810,63680,13/02/2022 09:00,09:00:00,13,2,2022,27.4,17.5,55,E,3.7,0.0/3h,3h,3,3,0.6,10
3910,63680,13/02/2022 06:00,06:00:00,13,2,2022,22,19,83,CAL,0,0.0/24h,24h,2,2,0.3,5
4010,63680,12/02/2022 15:00,15:00:00,12,2,2022,24.5,17.8,66,S,7.4,0.0/3h,3h,6,2,0.6,10
4114,63680,12/02/2022 12:00,12:00:00,12,2,2022,27,16.5,53,SSE,11.1,0.0/6h,6h,4,4,0.6,10
4212,63680,12/02/2022 09:00,09:00:00,12,2,2022,25,17.5,63,S,5.6,0.0/3h,3h,6,2,0.6,9
4310,63680,12/02/2022 06:00,06:00:00,12,2,2022,20,17,83,CAL,0,20.0/24h,24h,7,4,0.3,4
4410,63680,11/02/2022 06:00,06:00:00,11,2,2022,21.4,19.3,88,CAL,0,0.0/24h,24h,5,2,0.3,4
4510,63680,10/02/2022 12:00,12:00:00,10,2,2022,26,17.8,61,NW,11.1,0.0/6h,6h,6,2,0.6,9
4610,63680,10/02/2022 09:00,09:00:00,10,2,2022,27,18,58,S,14.8,0.0/3h,3h,2,2,0.6,6
4710,63680,09/02/2022 12:00,12:00:00,9,2,2022,24.2,17.9,68,S,11.1,0.0/6h,6h,6,2,0.6,8
4810,63680,09/02/2022 09:00,09:00:00,9,2,2022,20.5,19.2,92,CAL,0,1.0/3h,3h,8,5,0.3,6
4910,63680,09/02/2022 06:00,06:00:00,9,2,2022,24.2,17.9,68,S,11.1,0.0/24h,24h,6,2,0.6,8
5010,63680,08/02/2022 15:00,15:00:00,8,2,2022,27,17.7,57,CAL,0,0.0/3h,3h,2,2,0.6,9
5114,63680,08/02/2022 12:00,12:00:00,8,2,2022,26.5,16.8,55,S,11.1,0.0/6h,6h,6,6,0.6,6
5212,63680,08/02/2022 09:00,09:00:00,8,2,2022,27,18,58,SSE,14.8,0.0/3h,3h,4,4,0.6,5
5310,63680,07/02/2022 06:00,06:00:00,7,2,2022,20,15.5,75,CAL,0,0.0/24h,24h,8,2,0.3,3
5410,63680,06/02/2022 09:00,09:00:00,6,2,2022,25,16,57,NNW,11.1,0.0/3h,3h,4,4,0.6,6
5510,63680,06/02/2022 06:00,06:00:00,6,2,2022,20.5,18.9,91,CAL,0,0.2/24h,24h,6,0,2.5,3
5610,63680,05/02/2022 15:00,15:00:00,5,2,2022,22.4,16.6,70,CAL,0,0.0/3h,3h,7,4,0.3,9
5710,63680,05/02/2022 12:00,12:00:00,5,2,2022,19.5,18,91,E,11.1,0.2/6h,6h,8,5,0.3,7
5810,63680,05/02/2022 06:00,06:00:00,5,2,2022,20.8,19.3,91,CAL,0,0.0/24h,24h,8,6,0.3,4
5910,63680,04/02/2022 15:00,15:00:00,4,2,2022,25,19,69,S,11.1,0.0/3h,3h,7,5,0.6,9
6010,63680,04/02/2022 12:00,12:00:00,4,2,2022,28,18.1,55,SSE,14.8,0.0/6h,6h,7,5,0.6,9
6114,63680,04/02/2022 09:00,09:00:00,4,2,2022,28.5,15,44,E,7.4,0.0/3h,3h,7,2,0.6,5
6212,63680,04/02/2022 06:00,06:00:00,4,2,2022,22,16.8,72,CAL,0,0.0/24h,24h,7,2,0.3,4
6310,63680,03/02/2022 15:00,15:00:00,3,2,2022,26,18.8,65,SSE,7.4,0.0/3h,3h,6,4,0.6,7
6410,63680,03/02/2022 12:00,12:00:00,3,2,2022,27.8,17.9,55,S,11.1,0.0/6h,6h,7,5,0.6,6
6510,63680,03/02/2022 09:00,09:00:00,3,2,2022,27.4,15.6,49,CAL,0,0.0/3h,3h,6,2,0.6,5
6610,63680,03/02/2022 06:00,06:00:00,3,2,2022,27.4,15.6,49,CAL,0,0.0/24h,24h,6,2,0.6,5
6710,63680,02/02/2022 15:00,15:00:00,2,2,2022,22.4,18.8,80,CAL,0,0.0/3h,3h,8,5,0.3,6
6810,63680,02/02/2022 12:00,12:00:00,2,2,2022,22,17.8,77,CAL,0,0.0/6h,6h,8,5,0.3,6
6910,63680,02/02/2022 09:00,09:00:00,2,2,2022,25.2,17.4,62,W,9.3,0.0/3h,3h,6,6,0.6,4
7010,63680,02/02/2022 06:00,06:00:00,2,2,2022,22,17.8,77,CAL,0,0.0/24h,24h,8,5,0.3,6
7114,63680,01/02/2022 15:00,15:00:00,1,2,2022,25,17.2,62,S,3.7,0.0/3h,3h,6,2,0.6,8
7212,63680,01/02/2022 12:00,12:00:00,1,2,2022,24,17.3,66,CAL,0,0.0/6h,6h,7,4,0.3,6
7310,63680,01/02/2022 09:00,09:00:00,1,2,2022,22.2,18.3,79,CAL,0,0.0/3h,3h,8,5,0.3,5
7410,63680,01/02/2022 06:00,06:00:00,1,2,2022,20,17.9,88,CAL,0,0.9/24h,24h,8,6,0.3,4
250,63680,31/01/2022 15:00,15:00:00,31,1,2022,22,18.4,80,ESE,7.4,0.0/3h,3h,8,5,0.3,7
350,63680,31/01/2022 09:00,09:00:00,31,1,2022,23,18.5,76,CAL,0,0.6/3h,3h,8,5,0.3,6
450,63680,31/01/2022 06:00,06:00:00,31,1,2022,21.2,18.5,85,CAL,0,0.0/24h,24h,8,5,0.3,4
550,63680,30/01/2022 15:00,15:00:00,30,1,2022,26,17,58,CAL,0,0.0/3h,3h,7,5,0.6,7
650,63680,30/01/2022 12:00,12:00:00,30,1,2022,28,16.8,51,NW,7.4,0.0/6h,6h,7,5,0.6,7
750,63680,30/01/2022 09:00,09:00:00,30,1,2022,25.6,18.4,64,WNW,7.4,0.0/3h,3h,7,2,0.6,6
830,63680,30/01/2022 06:00,06:00:00,30,1,2022,20.8,18.1,85,CAL,0,0.0/24h,24h,8,2,0.3,4
919,63680,29/01/2022 12:00,12:00:00,29,1,2022,29,12.5,36,SSE,7.4,0.0/6h,6h,4,2,0.6,8
1011,63680,29/01/2022 09:00,09:00:00,29,1,2022,26.4,11.9,40,NNW,7.4,0.0/3h,3h,4,0,2.5,5
1111,63680,29/01/2022 06:00,06:00:00,29,1,2022,20.6,13.7,65,CAL,0,0.0/24h,24h,4,0,2.5,4
1211,63680,28/01/2022 15:00,15:00:00,28,1,2022,29,15.5,44,ESE,7.4,0.0/3h,3h,6,2,0.6,9
1311,63680,28/01/2022 12:00,12:00:00,28,1,2022,29.2,13.9,39,ENE,7.4,0.0/6h,6h,6,0,2.5,7
1411,63680,28/01/2022 09:00,09:00:00,28,1,2022,25.2,14.4,51,NNW,7.4,0.0/3h,3h,6,2,0.6,6
1511,63680,28/01/2022 06:00,06:00:00,28,1,2022,21.8,16.9,74,NE,18,0.0/24h,24h,8,5,0.3,4
1611,63680,27/01/2022 15:00,15:00:00,27,1,2022,30,12.8,35,ESE,11.1,0.0/3h,3h,2,2,0.6,10
1711,63680,27/01/2022 12:00,12:00:00,27,1,2022,30.5,12.8,34,E,7.4,0.0/6h,6h,2,2,0.6,9
1811,63680,27/01/2022 09:00,09:00:00,27,1,2022,28.5,12.8,38,NNE,9.3,0.0/3h,3h,1,0,0.6,7
1911,63680,27/01/2022 06:00,06:00:00,27,1,2022,28.5,12.8,38,NNE,9.3,0.0/24h,24h,1,0,0.6,7
2011,63680,26/01/2022 12:00,12:00:00,26,1,2022,26.5,18.3,61,ESE,11.1,0.0/6h,6h,6,6,0.6,10
2115,63680,26/01/2022 09:00,09:00:00,26,1,2022,28.5,16.5,48,ESE,14.8,0.0/3h,3h,6,3,0.6,6
2213,63680,26/01/2022 06:00,06:00:00,26,1,2022,21.6,17.7,78,CAL,0,0.0/24h,24h,6,0,2.5,3
2311,63680,25/01/2022 12:00,12:00:00,25,1,2022,31,12.3,32,E,7.4,0.0/6h,6h,2,2,0.6,9
2411,63680,25/01/2022 09:00,09:00:00,25,1,2022,28.2,14.4,43,NW,3.7,0.0/3h,3h,4,0,2.5,6
2511,63680,25/01/2022 06:00,06:00:00,25,1,2022,21.5,15.5,69,NW,10.8,0.0/24h,24h,4,0,2.5,3
2611,63680,24/01/2022 12:00,12:00:00,24,1,2022,27,16.5,53,NW,3.7,0.0/6h,6h,6,6,0.6,7
2711,63680,24/01/2022 09:00,09:00:00,24,1,2022,26.2,17.2,58,WNW,7.4,0.0/3h,3h,5,5,0.6,6
2811,63680,24/01/2022 06:00,06:00:00,24,1,2022,21,18.8,87,CAL,0,0.0/24h,24h,6,0,2.5,3
2911,63680,23/01/2022 12:00,12:00:00,23,1,2022,27.6,14,43,NNW,7.4,0.0/6h,6h,6,2,0.6,5
3011,63680,23/01/2022 09:00,09:00:00,23,1,2022,25.2,13.7,49,NW,11.1,0.0/3h,3h,6,2,0.6,4
3115,63680,23/01/2022 06:00,06:00:00,23,1,2022,25.2,13.7,49,NW,11.1,0.0/24h,24h,6,2,0.6,4
3213,63680,22/01/2022 15:00,15:00:00,22,1,2022,25.5,14.6,51,CAL,0,0.0/3h,3h,7,0,2.5,5
3311,63680,22/01/2022 09:00,09:00:00,22,1,2022,24,12,47,CAL,0,0.0/3h,3h,8,0,2.5,5
3411,63680,22/01/2022 06:00,06:00:00,22,1,2022,20.5,13,62,CAL,0,0.0/24h,24h,7,2,0.3,4
3511,63680,21/01/2022 15:00,15:00:00,21,1,2022,26.5,14.7,48,CAL,0,0.0/3h,3h,7,0,2.5,9
3611,63680,21/01/2022 12:00,12:00:00,21,1,2022,27,15,48,NE,7.4,0.0/6h,6h,7,2,0.6,8
3711,63680,21/01/2022 09:00,09:00:00,21,1,2022,23.2,13,53,NW,11.1,0.0/3h,3h,7,2,0.3,6
3811,63680,21/01/2022 06:00,06:00:00,21,1,2022,19.5,13.1,66,WNW,7.4,0.0/24h,24h,7,2,0.3,4
3911,63680,20/01/2022 15:00,15:00:00,20,1,2022,26.4,15.9,52,CAL,0,0.0/3h,3h,6,4,0.6,10
4011,63680,20/01/2022 12:00,12:00:00,20,1,2022,27,15,48,E,9.3,0.0/6h,6h,5,5,0.6,10
4115,63680,20/01/2022 09:00,09:00:00,20,1,2022,25.5,15.8,55,CAL,0,0.0/3h,3h,7,4,0.6,6
4213,63680,20/01/2022 06:00,06:00:00,20,1,2022,20.5,17.1,81,WNW,10.8,0.0/24h,24h,6,2,0.3,4
4311,63680,19/01/2022 15:00,15:00:00,19,1,2022,26,17.3,59,CAL,0,0.0/3h,3h,7,4,0.6,10
4411,63680,19/01/2022 12:00,12:00:00,19,1,2022,26.5,17.5,58,CAL,0,0.0/6h,6h,7,4,0.6,10
4511,63680,19/01/2022 06:00,06:00:00,19,1,2022,18,NA,NA,CAL,0,Tr/24h,24h,8,6,0.3,4
4611,63680,18/01/2022 15:00,15:00:00,18,1,2022,21,17.7,81,NW,7.4,0.0/3h,3h,8,6,0.3,10
4711,63680,18/01/2022 12:00,12:00:00,18,1,2022,22,16.6,71,WNW,7.4,0.0/6h,6h,8,6,0.6,9
4811,63680,18/01/2022 09:00,09:00:00,18,1,2022,22.5,17.3,72,N,14.8,1.0/3h,3h,7,5,0.3,7
4911,63680,18/01/2022 06:00,06:00:00,18,1,2022,19,17.5,91,CAL,0,1.0/24h,24h,8,5,0.3,6
5011,63680,17/01/2022 12:00,12:00:00,17,1,2022,20.5,17.5,83,SSE,3.7,Tr/6h,6h,8,8,0.3,10
5115,63680,17/01/2022 09:00,09:00:00,17,1,2022,19.5,18.8,96,CAL,0,1.0/3h,3h,8,5,0.3,7
5213,63680,17/01/2022 06:00,06:00:00,17,1,2022,18.5,17.8,96,CAL,0,2.0/24h,24h,8,6,0.3,5
5311,63680,16/01/2022 09:00,09:00:00,16,1,2022,25,19,69,W,7.4,0.0/3h,3h,5,5,0.6,8
5411,63680,16/01/2022 06:00,06:00:00,16,1,2022,21,19.2,89,CAL,0,3.0/24h,24h,6,4,0.3,5
5511,63680,15/01/2022 12:00,12:00:00,15,1,2022,21,17.7,81,SSE,7.4,0.2/6h,6h,8,4,0.3,6
5611,63680,15/01/2022 09:00,09:00:00,15,1,2022,19,19,100,CAL,0,0.0/3h,3h,8,5,0.3,4
5711,63680,15/01/2022 06:00,06:00:00,15,1,2022,21,17.7,81,SSE,7.4,0.2/6h,6h,8,4,0.3,6
5811,63680,14/01/2022 09:00,09:00:00,14,1,2022,26,16.3,55,S,7.4,0.0/3h,3h,4,0,2.5,6
5911,63680,13/01/2022 15:00,15:00:00,13,1,2022,27.2,14.2,45,SSE,7.4,0.0/3h,3h,6,0,2.5,10
6011,63680,13/01/2022 12:00,12:00:00,13,1,2022,29,13.7,39,S,9.3,0.0/6h,6h,6,0,2.5,10
6115,63680,13/01/2022 06:00,06:00:00,13,1,2022,24,15,57,SSE,7.4,0.0/24h,24h,4,0,2.5,6
6213,63680,12/01/2022 15:00,15:00:00,12,1,2022,27.5,15.4,48,CAL,0,0.0/3h,3h,2,2,0.6,10
6311,63680,12/01/2022 12:00,12:00:00,12,1,2022,31,13,33,ESE,7.4,0.0/6h,6h,2,2,0.6,10
6411,63680,12/01/2022 09:00,09:00:00,12,1,2022,28.5,15,44,SSE,9.3,0.0/3h,3h,2,2,0.6,10
6511,63680,12/01/2022 06:00,06:00:00,12,1,2022,22,17.5,76,CAL,0,0.0/24h,24h,4,0,2.5,4
6611,63680,11/01/2022 12:00,12:00:00,11,1,2022,31.5,14,35,SSE,11.1,0.0/6h,6h,3,0,0.6,10
6711,63680,11/01/2022 06:00,06:00:00,11,1,2022,22.8,17.1,70,CAL,0,0.0/24h,24h,6,2,2.5,3
6811,63680,10/01/2022 09:00,09:00:00,10,1,2022,28,16.8,51,CAL,0,0.0/3h,3h,6,2,0.6,9
6911,63680,10/01/2022 06:00,06:00:00,10,1,2022,22.6,18.7,79,CAL,0,0.0/24h,24h,6,0,2.5,3
7011,63680,09/01/2022 12:00,12:00:00,9,1,2022,28.4,15.8,46,S,7.4,0.0/6h,6h,6,2,0.6,10
7115,63680,09/01/2022 06:00,06:00:00,9,1,2022,22.5,18.2,77,CAL,0,0.0/24h,24h,4,2,0.3,3
7213,63680,08/01/2022 15:00,15:00:00,8,1,2022,27,17.3,55,S,7.4,0.0/3h,3h,2,2,0.6,10
7311,63680,08/01/2022 12:00,12:00:00,8,1,2022,29.4,17.4,48,SE,9.3,0.0/6h,6h,2,2,0.6,10
7411,63680,08/01/2022 09:00,09:00:00,8,1,2022,27.2,16.4,52,SSE,7.4,0.0/3h,3h,6,2,0.6,7
7510,63680,08/01/2022 06:00,06:00:00,8,1,2022,23,18.5,76,CAL,0,0.1/24h,24h,2,2,0.3,3
769,63680,05/01/2022 12:00,12:00:00,5,1,2022,28.4,16.1,47,WNW,3.7,0.0/6h,6h,6,2,0.6,9
778,63680,05/01/2022 09:00,09:00:00,5,1,2022,25.5,16.1,56,W,7.4,0.0/3h,3h,7,0,2,10
788,63680,05/01/2022 06:00,06:00:00,5,1,2022,25.5,16.1,56,W,7.4,0.0/24h,24h,7,0,2,10
797,63680,04/01/2022 12:00,12:00:00,4,1,2022,26,14.8,50,S,7.4,0.0/6h,6h,6,2,0.6,7
807,63680,01/01/2022 12:00,12:00:00,1,1,2022,25,17.5,63,S,7.4,0.0/6h,6h,4,4,0.6,10
8111,63680,01/01/2022 09:00,09:00:00,1,1,2022,21.5,17.8,79,S,11.1,0.0/3h,3h,8,5,0.3,9
8210,63680,01/01/2022 06:00,06:00:00,1,1,2022,19.6,19,96,SSE,14.4,2.0/24h,24h,8,5,0.3,6
